Date,Day_of_Year,Month,Temp,Humidity,Rainfall,AQI,Disease,Cases,Medicine
2023-01-01,1,1,13.2,41.2,0.0,260,Influenza (Flu),63,Antivirals & Paracetamol
2023-01-02,2,1,7.6,49.1,0.0,281,Influenza (Flu),59,Antivirals & Paracetamol
2023-01-03,3,1,19.1,19.6,0.0,245,Normal,16,General Supplies
2023-01-04,4,1,15.3,59.4,0.0,179,Normal,24,General Supplies
2023-01-05,5,1,15.9,19.1,0.0,236,Normal,28,General Supplies
2023-01-06,6,1,12.9,39.1,0.0,221,Influenza (Flu),83,Antivirals & Paracetamol
2023-01-07,7,1,12.1,29.1,0.0,283,Influenza (Flu),105,Antivirals & Paracetamol
2023-01-08,8,1,14.4,22.2,0.0,236,Influenza (Flu),51,Antivirals & Paracetamol
2023-01-09,9,1,13.6,52.1,0.0,275,Influenza (Flu),97,Antivirals & Paracetamol
2023-01-10,10,1,11.9,33.2,0.0,295,Influenza (Flu),62,Antivirals & Paracetamol
2023-01-11,11,1,13.8,64.4,0.0,431,Influenza (Flu),106,Antivirals & Paracetamol
2023-01-12,12,1,18.8,50.9,0.0,274,Asthma/Respiratory,44,Nebulizers & Oxygen
2023-01-13,13,1,8.2,41.5,0.0,210,Influenza (Flu),103,Antivirals & Paracetamol
2023-01-14,14,1,14.5,18.1,0.0,81,Influenza (Flu),78,Antivirals & Paracetamol
2023-01-15,15,1,7.5,-1.1,0.0,147,Influenza (Flu),107,Antivirals & Paracetamol
2023-01-16,16,1,11.5,21.2,0.0,264,Influenza (Flu),74,Antivirals & Paracetamol
2023-01-17,17,1,11.8,33.0,0.0,307,Influenza (Flu),60,Antivirals & Paracetamol
2023-01-18,18,1,9.8,63.1,0.0,176,Influenza (Flu),79,Antivirals & Paracetamol
2023-01-19,19,1,15.9,37.6,0.0,236,Normal,18,General Supplies
2023-01-20,20,1,5.4,33.6,1.2,132,Influenza (Flu),96,Antivirals & Paracetamol
2023-01-21,21,1,13.4,56.8,0.0,205,Influenza (Flu),74,Antivirals & Paracetamol
2023-01-22,22,1,18.8,64.2,0.0,217,Normal,29,General Supplies
2023-01-23,23,1,11.4,37.6,0.1,277,Influenza (Flu),69,Antivirals & Paracetamol
2023-01-24,24,1,4.7,62.3,0.0,177,Influenza (Flu),86,Antivirals & Paracetamol
2023-01-25,25,1,16.2,48.5,0.0,193,Normal,20,General Supplies
2023-01-26,26,1,7.3,57.7,0.0,255,Influenza (Flu),74,Antivirals & Paracetamol
2023-01-27,27,1,14.7,49.2,0.0,309,Influenza (Flu),62,Antivirals & Paracetamol
2023-01-28,28,1,11.9,21.0,0.0,318,Influenza (Flu),59,Antivirals & Paracetamol
2023-01-29,29,1,12.7,47.3,0.0,337,Influenza (Flu),95,Antivirals & Paracetamol
2023-01-30,30,1,15.4,25.2,4.7,311,Asthma/Respiratory,52,Nebulizers & Oxygen
2023-01-31,31,1,10.0,20.2,1.3,257,Influenza (Flu),87,Antivirals & Paracetamol
2023-02-01,32,2,15.3,44.7,0.0,172,Normal,15,General Supplies
2023-02-02,33,2,12.7,25.3,1.9,81,Influenza (Flu),85,Antivirals & Paracetamol
2023-02-03,34,2,17.9,9.6,0.0,175,Normal,22,General Supplies
2023-02-04,35,2,14.6,47.9,0.0,136,Influenza (Flu),56,Antivirals & Paracetamol
2023-02-05,36,2,17.2,42.1,0.0,52,Normal,22,General Supplies
2023-02-06,37,2,20.0,68.7,0.0,182,Normal,28,General Supplies
2023-02-07,38,2,16.3,63.1,0.0,153,Normal,15,General Supplies
2023-02-08,39,2,13.1,41.7,0.0,162,Influenza (Flu),66,Antivirals & Paracetamol
2023-02-09,40,2,16.4,22.3,6.2,54,Normal,23,General Supplies
2023-02-10,41,2,13.6,40.0,0.0,117,Influenza (Flu),78,Antivirals & Paracetamol
2023-02-11,42,2,16.9,16.6,0.0,144,Normal,21,General Supplies
2023-02-12,43,2,19.4,15.5,0.0,142,Normal,29,General Supplies
2023-02-13,44,2,17.5,60.3,2.9,73,Normal,25,General Supplies
2023-02-14,45,2,17.8,57.8,0.8,50,Normal,17,General Supplies
2023-02-15,46,2,16.0,46.8,0.0,45,Normal,28,General Supplies
2023-02-16,47,2,12.1,16.0,0.0,81,Influenza (Flu),62,Antivirals & Paracetamol
2023-02-17,48,2,19.1,44.4,0.0,101,Normal,18,General Supplies
2023-02-18,49,2,16.2,59.9,0.0,33,Normal,26,General Supplies
2023-02-19,50,2,19.3,10.0,0.0,85,Normal,20,General Supplies
2023-02-20,51,2,17.8,40.0,0.0,180,Normal,26,General Supplies
2023-02-21,52,2,15.8,33.1,0.0,152,Normal,16,General Supplies
2023-02-22,53,2,11.9,38.3,0.0,115,Influenza (Flu),99,Antivirals & Paracetamol
2023-02-23,54,2,18.2,56.5,0.0,33,Normal,20,General Supplies
2023-02-24,55,2,17.8,52.5,0.0,89,Normal,19,General Supplies
2023-02-25,56,2,22.1,21.4,0.0,70,Normal,28,General Supplies
2023-02-26,57,2,15.6,59.3,0.0,153,Normal,16,General Supplies
2023-02-27,58,2,20.9,52.9,0.0,-8,Normal,17,General Supplies
2023-02-28,59,2,15.3,34.8,0.0,139,Normal,18,General Supplies
2023-03-01,60,3,13.4,69.2,2.8,155,Normal,16,General Supplies
2023-03-02,61,3,21.4,24.3,0.0,164,Normal,15,General Supplies
2023-03-03,62,3,17.6,62.2,0.0,182,Normal,28,General Supplies
2023-03-04,63,3,12.6,35.5,0.0,153,Normal,18,General Supplies
2023-03-05,64,3,18.2,50.7,0.0,142,Normal,28,General Supplies
2023-03-06,65,3,20.4,29.4,0.0,67,Normal,21,General Supplies
2023-03-07,66,3,15.0,50.6,4.1,118,Normal,25,General Supplies
2023-03-08,67,3,18.4,36.7,0.0,65,Normal,29,General Supplies
2023-03-09,68,3,12.5,17.3,0.0,137,Normal,17,General Supplies
2023-03-10,69,3,15.8,35.1,0.0,81,Normal,20,General Supplies
2023-03-11,70,3,16.7,36.6,0.0,124,Normal,15,General Supplies
2023-03-12,71,3,16.7,56.1,0.0,126,Normal,17,General Supplies
2023-03-13,72,3,20.2,55.3,0.0,137,Normal,28,General Supplies
2023-03-14,73,3,22.7,20.2,0.0,49,Normal,19,General Supplies
2023-03-15,74,3,17.3,52.3,0.0,46,Normal,29,General Supplies
2023-03-16,75,3,18.1,43.8,0.3,64,Normal,28,General Supplies
2023-03-17,76,3,23.1,34.1,3.5,66,Normal,19,General Supplies
2023-03-18,77,3,23.1,27.9,0.0,139,Normal,20,General Supplies
2023-03-19,78,3,20.3,21.8,0.0,67,Normal,17,General Supplies
2023-03-20,79,3,25.0,23.4,0.0,89,Normal,16,General Supplies
2023-03-21,80,3,22.7,35.6,0.0,108,Normal,22,General Supplies
2023-03-22,81,3,16.5,19.8,0.0,137,Normal,15,General Supplies
2023-03-23,82,3,18.9,26.8,0.0,55,Normal,20,General Supplies
2023-03-24,83,3,18.4,35.2,0.0,7,Normal,23,General Supplies
2023-03-25,84,3,18.7,42.6,0.0,87,Normal,23,General Supplies
2023-03-26,85,3,17.4,35.6,0.0,150,Normal,29,General Supplies
2023-03-27,86,3,23.5,51.8,0.0,118,Normal,25,General Supplies
2023-03-28,87,3,24.7,34.8,0.0,135,Normal,16,General Supplies
2023-03-29,88,3,23.8,41.2,3.6,175,Normal,29,General Supplies
2023-03-30,89,3,17.4,74.7,2.2,97,Normal,18,General Supplies
2023-03-31,90,3,20.1,37.9,0.0,82,Normal,17,General Supplies
2023-04-01,91,4,23.5,44.8,0.0,139,Normal,25,General Supplies
2023-04-02,92,4,27.8,54.0,0.0,15,Normal,18,General Supplies
2023-04-03,93,4,23.3,52.1,0.0,110,Normal,25,General Supplies
2023-04-04,94,4,28.4,57.3,0.0,116,Normal,20,General Supplies
2023-04-05,95,4,25.7,25.9,0.0,152,Normal,19,General Supplies
2023-04-06,96,4,24.3,49.5,0.0,136,Normal,15,General Supplies
2023-04-07,97,4,25.6,54.6,0.0,137,Normal,23,General Supplies
2023-04-08,98,4,27.9,25.8,0.0,79,Normal,20,General Supplies
2023-04-09,99,4,25.5,34.4,0.8,99,Normal,16,General Supplies
2023-04-10,100,4,27.1,42.5,2.6,56,Normal,24,General Supplies
2023-04-11,101,4,24.9,13.7,0.0,166,Normal,18,General Supplies
2023-04-12,102,4,24.1,52.2,0.0,113,Normal,19,General Supplies
2023-04-13,103,4,26.0,26.8,0.0,80,Normal,22,General Supplies
2023-04-14,104,4,26.8,8.8,0.0,60,Normal,29,General Supplies
2023-04-15,105,4,22.7,44.2,0.0,127,Normal,22,General Supplies
2023-04-16,106,4,22.2,51.9,0.0,51,Normal,17,General Supplies
2023-04-17,107,4,27.1,28.3,0.0,68,Normal,15,General Supplies
2023-04-18,108,4,23.7,65.0,0.0,118,Normal,16,General Supplies
2023-04-19,109,4,26.4,41.8,0.0,142,Normal,27,General Supplies
2023-04-20,110,4,27.9,17.1,0.0,166,Normal,17,General Supplies
2023-04-21,111,4,33.2,33.2,4.2,54,Normal,26,General Supplies
2023-04-22,112,4,26.6,29.5,0.0,80,Normal,16,General Supplies
2023-04-23,113,4,25.1,35.5,0.0,78,Normal,18,General Supplies
2023-04-24,114,4,24.8,50.0,0.0,144,Normal,27,General Supplies
2023-04-25,115,4,24.9,53.3,0.0,106,Normal,26,General Supplies
2023-04-26,116,4,33.4,41.2,0.0,136,Normal,29,General Supplies
2023-04-27,117,4,24.9,16.0,0.0,79,Normal,24,General Supplies
2023-04-28,118,4,25.9,50.1,0.0,103,Normal,17,General Supplies
2023-04-29,119,4,28.0,45.9,0.0,168,Normal,17,General Supplies
2023-04-30,120,4,30.0,43.7,0.0,51,Normal,24,General Supplies
2023-05-01,121,5,31.0,44.9,0.0,123,Normal,20,General Supplies
2023-05-02,122,5,25.8,33.8,0.9,98,Normal,27,General Supplies
2023-05-03,123,5,27.6,27.1,0.0,4,Normal,15,General Supplies
2023-05-04,124,5,29.9,32.2,0.0,91,Normal,22,General Supplies
2023-05-05,125,5,32.4,13.3,3.3,161,Normal,17,General Supplies
2023-05-06,126,5,26.5,72.8,0.1,61,Normal,28,General Supplies
2023-05-07,127,5,29.0,46.6,0.0,92,Normal,19,General Supplies
2023-05-08,128,5,30.2,63.0,0.0,147,Normal,25,General Supplies
2023-05-09,129,5,30.5,44.5,0.0,105,Normal,22,General Supplies
2023-05-10,130,5,28.2,31.2,0.0,122,Normal,26,General Supplies
2023-05-11,131,5,32.5,55.1,0.0,115,Normal,17,General Supplies
2023-05-12,132,5,33.8,67.2,0.0,151,Normal,19,General Supplies
2023-05-13,133,5,38.0,36.8,0.0,80,Normal,24,General Supplies
2023-05-14,134,5,30.6,35.4,0.0,111,Normal,18,General Supplies
2023-05-15,135,5,35.4,19.1,0.0,118,Normal,19,General Supplies
2023-05-16,136,5,30.3,23.1,0.0,172,Normal,27,General Supplies
2023-05-17,137,5,34.4,26.4,0.0,164,Normal,26,General Supplies
2023-05-18,138,5,28.6,35.0,1.7,130,Normal,28,General Supplies
2023-05-19,139,5,32.8,29.6,0.0,69,Normal,23,General Supplies
2023-05-20,140,5,31.8,50.1,7.8,18,Normal,18,General Supplies
2023-05-21,141,5,33.0,20.7,0.0,167,Normal,15,General Supplies
2023-05-22,142,5,36.8,17.6,0.0,88,Normal,20,General Supplies
2023-05-23,143,5,29.0,65.5,3.1,95,Normal,17,General Supplies
2023-05-24,144,5,30.9,23.5,0.0,156,Normal,29,General Supplies
2023-05-25,145,5,38.0,50.3,0.0,125,Normal,27,General Supplies
2023-05-26,146,5,31.4,48.5,0.0,163,Normal,15,General Supplies
2023-05-27,147,5,28.9,26.0,0.0,92,Normal,19,General Supplies
2023-05-28,148,5,33.0,31.6,0.0,147,Normal,25,General Supplies
2023-05-29,149,5,34.4,49.6,0.0,86,Normal,16,General Supplies
2023-05-30,150,5,27.0,17.1,0.0,82,Normal,16,General Supplies
2023-05-31,151,5,35.2,43.9,0.0,159,Normal,26,General Supplies
2023-06-01,152,6,36.1,82.4,191.6,60,Dengue,58,Platelets & IV Fluids
2023-06-02,153,6,36.0,77.7,44.6,99,Normal,25,General Supplies
2023-06-03,154,6,34.3,105.1,70.4,4,Dengue,100,Platelets & IV Fluids
2023-06-04,155,6,31.3,91.1,21.2,173,Normal,17,General Supplies
2023-06-05,156,6,39.0,83.6,1.5,99,Normal,19,General Supplies
2023-06-06,157,6,26.6,74.0,39.4,56,Normal,20,General Supplies
2023-06-07,158,6,35.0,74.3,23.5,106,Normal,23,General Supplies
2023-06-08,159,6,35.2,98.4,11.1,123,Normal,19,General Supplies
2023-06-09,160,6,36.1,93.1,120.9,73,Dengue,71,Platelets & IV Fluids
2023-06-10,161,6,32.4,108.4,44.7,108,Normal,24,General Supplies
2023-06-11,162,6,36.0,80.1,63.1,93,Dengue,111,Platelets & IV Fluids
2023-06-12,163,6,35.3,84.3,77.5,128,Dengue,90,Platelets & IV Fluids
2023-06-13,164,6,38.7,91.0,55.1,37,Dengue,81,Platelets & IV Fluids
2023-06-14,165,6,33.6,77.7,23.7,118,Normal,27,General Supplies
2023-06-15,166,6,34.4,82.1,34.6,134,Normal,22,General Supplies
2023-06-16,167,6,34.0,78.5,113.7,81,Normal,23,General Supplies
2023-06-17,168,6,37.2,84.3,4.0,120,Normal,15,General Supplies
2023-06-18,169,6,33.8,82.4,155.6,115,Dengue,68,Platelets & IV Fluids
2023-06-19,170,6,40.2,82.8,32.9,80,Heat Stroke,63,Saline & Cooling Packs
2023-06-20,171,6,36.3,69.2,11.0,106,Normal,16,General Supplies
2023-06-21,172,6,32.7,99.0,109.0,197,Dengue,79,Platelets & IV Fluids
2023-06-22,173,6,33.6,108.3,2.5,68,Normal,22,General Supplies
2023-06-23,174,6,37.3,104.0,107.9,17,Dengue,97,Platelets & IV Fluids
2023-06-24,175,6,33.9,87.1,91.4,125,Dengue,61,Platelets & IV Fluids
2023-06-25,176,6,35.9,78.8,11.7,94,Normal,23,General Supplies
2023-06-26,177,6,37.8,98.4,15.0,187,Normal,22,General Supplies
2023-06-27,178,6,34.3,81.0,16.5,171,Normal,18,General Supplies
2023-06-28,179,6,32.4,83.4,78.1,95,Dengue,101,Platelets & IV Fluids
2023-06-29,180,6,39.5,95.5,49.7,90,Normal,22,General Supplies
2023-06-30,181,6,32.2,86.8,26.9,149,Normal,25,General Supplies
2023-07-01,182,7,32.7,88.0,46.2,68,Normal,28,General Supplies
2023-07-02,183,7,34.8,80.0,85.4,28,Dengue,77,Platelets & IV Fluids
2023-07-03,184,7,30.8,83.7,11.0,78,Normal,24,General Supplies
2023-07-04,185,7,36.2,88.8,10.7,76,Normal,20,General Supplies
2023-07-05,186,7,33.8,81.1,6.0,-18,Normal,28,General Supplies
2023-07-06,187,7,36.4,108.3,7.8,176,Normal,27,General Supplies
2023-07-07,188,7,37.6,94.4,3.2,-8,Normal,25,General Supplies
2023-07-08,189,7,38.5,91.2,32.4,41,Normal,27,General Supplies
2023-07-09,190,7,37.4,99.8,58.6,117,Dengue,84,Platelets & IV Fluids
2023-07-10,191,7,32.6,74.9,11.7,77,Normal,25,General Supplies
2023-07-11,192,7,43.4,81.3,116.9,94,Dengue,115,Platelets & IV Fluids
2023-07-12,193,7,37.0,108.7,36.3,160,Normal,18,General Supplies
2023-07-13,194,7,33.7,77.6,31.3,149,Normal,24,General Supplies
2023-07-14,195,7,34.6,83.5,19.2,45,Normal,26,General Supplies
2023-07-15,196,7,31.6,76.9,6.2,107,Normal,20,General Supplies
2023-07-16,197,7,40.1,84.4,28.4,104,Heat Stroke,50,Saline & Cooling Packs
2023-07-17,198,7,35.2,85.7,18.1,102,Normal,29,General Supplies
2023-07-18,199,7,38.6,73.6,16.6,99,Normal,20,General Supplies
2023-07-19,200,7,35.2,92.1,18.4,95,Normal,16,General Supplies
2023-07-20,201,7,32.3,99.9,20.6,50,Normal,19,General Supplies
2023-07-21,202,7,37.1,77.6,31.6,103,Normal,27,General Supplies
2023-07-22,203,7,36.4,93.7,71.9,104,Dengue,93,Platelets & IV Fluids
2023-07-23,204,7,33.7,93.7,11.4,79,Normal,19,General Supplies
2023-07-24,205,7,41.1,83.7,3.0,77,Heat Stroke,51,Saline & Cooling Packs
2023-07-25,206,7,44.7,86.9,54.0,100,Dengue,97,Platelets & IV Fluids
2023-07-26,207,7,31.9,79.7,21.0,48,Normal,29,General Supplies
2023-07-27,208,7,36.7,95.0,10.3,112,Normal,17,General Supplies
2023-07-28,209,7,39.4,72.9,11.0,80,Normal,23,General Supplies
2023-07-29,210,7,39.7,84.7,13.3,76,Normal,23,General Supplies
2023-07-30,211,7,34.4,91.7,62.2,78,Dengue,93,Platelets & IV Fluids
2023-07-31,212,7,36.6,81.9,41.5,165,Normal,21,General Supplies
2023-08-01,213,8,35.7,95.5,89.5,153,Dengue,83,Platelets & IV Fluids
2023-08-02,214,8,37.8,94.5,25.9,219,Normal,19,General Supplies
2023-08-03,215,8,42.8,96.7,110.9,103,Dengue,78,Platelets & IV Fluids
2023-08-04,216,8,40.2,96.2,27.4,185,Heat Stroke,55,Saline & Cooling Packs
2023-08-05,217,8,32.3,81.1,11.6,47,Normal,18,General Supplies
2023-08-06,218,8,36.2,90.9,30.3,112,Normal,23,General Supplies
2023-08-07,219,8,38.3,84.5,0.5,52,Normal,19,General Supplies
2023-08-08,220,8,40.4,78.9,33.0,62,Heat Stroke,37,Saline & Cooling Packs
2023-08-09,221,8,37.6,98.0,14.3,172,Normal,19,General Supplies
2023-08-10,222,8,38.9,78.7,53.9,78,Normal,24,General Supplies
2023-08-11,223,8,33.6,74.9,86.7,73,Normal,24,General Supplies
2023-08-12,224,8,35.2,93.0,90.4,88,Dengue,60,Platelets & IV Fluids
2023-08-13,225,8,36.3,79.2,2.2,155,Normal,27,General Supplies
2023-08-14,226,8,34.4,74.7,7.1,58,Normal,23,General Supplies
2023-08-15,227,8,35.5,84.5,44.3,179,Normal,22,General Supplies
2023-08-16,228,8,38.4,95.9,92.3,114,Dengue,66,Platelets & IV Fluids
2023-08-17,229,8,36.8,65.6,42.7,42,Normal,27,General Supplies
2023-08-18,230,8,32.6,103.6,11.5,82,Normal,29,General Supplies
2023-08-19,231,8,36.3,75.0,26.1,97,Normal,17,General Supplies
2023-08-20,232,8,34.4,80.8,40.1,98,Normal,20,General Supplies
2023-08-21,233,8,41.7,83.3,30.2,74,Heat Stroke,64,Saline & Cooling Packs
2023-08-22,234,8,34.7,89.2,50.9,120,Dengue,91,Platelets & IV Fluids
2023-08-23,235,8,37.8,91.4,38.5,60,Normal,16,General Supplies
2023-08-24,236,8,38.0,90.4,165.3,109,Dengue,111,Platelets & IV Fluids
2023-08-25,237,8,30.8,73.8,38.6,58,Normal,28,General Supplies
2023-08-26,238,8,32.7,67.6,9.2,88,Normal,26,General Supplies
2023-08-27,239,8,31.2,82.7,55.3,128,Dengue,87,Platelets & IV Fluids
2023-08-28,240,8,28.6,105.9,34.6,104,Normal,24,General Supplies
2023-08-29,241,8,31.4,86.4,129.3,91,Dengue,94,Platelets & IV Fluids
2023-08-30,242,8,25.9,88.7,35.2,96,Normal,22,General Supplies
2023-08-31,243,8,35.6,82.3,19.3,110,Normal,23,General Supplies
2023-09-01,244,9,36.0,84.8,35.0,82,Normal,16,General Supplies
2023-09-02,245,9,37.8,80.2,69.4,69,Dengue,105,Platelets & IV Fluids
2023-09-03,246,9,33.1,84.1,24.9,77,Normal,17,General Supplies
2023-09-04,247,9,28.7,79.5,25.5,146,Normal,21,General Supplies
2023-09-05,248,9,33.6,100.7,46.5,100,Normal,28,General Supplies
2023-09-06,249,9,27.8,95.1,63.9,70,Dengue,78,Platelets & IV Fluids
2023-09-07,250,9,30.0,85.5,21.4,86,Normal,18,General Supplies
2023-09-08,251,9,31.6,66.9,6.8,42,Normal,24,General Supplies
2023-09-09,252,9,38.8,81.6,80.2,73,Dengue,99,Platelets & IV Fluids
2023-09-10,253,9,37.0,98.3,38.5,135,Normal,18,General Supplies
2023-09-11,254,9,31.6,79.5,45.6,123,Normal,24,General Supplies
2023-09-12,255,9,34.5,80.1,82.5,55,Dengue,81,Platelets & IV Fluids
2023-09-13,256,9,34.2,76.4,33.2,113,Normal,20,General Supplies
2023-09-14,257,9,26.4,84.1,32.3,59,Normal,25,General Supplies
2023-09-15,258,9,30.2,74.0,51.8,127,Normal,16,General Supplies
2023-09-16,259,9,31.2,91.4,65.0,130,Dengue,73,Platelets & IV Fluids
2023-09-17,260,9,31.5,88.6,24.3,122,Normal,16,General Supplies
2023-09-18,261,9,27.1,87.7,9.4,71,Normal,16,General Supplies
2023-09-19,262,9,27.6,82.7,16.2,48,Normal,28,General Supplies
2023-09-20,263,9,24.3,87.2,96.0,105,Dengue,72,Platelets & IV Fluids
2023-09-21,264,9,30.1,86.7,13.4,112,Normal,21,General Supplies
2023-09-22,265,9,29.8,78.1,62.8,139,Normal,23,General Supplies
2023-09-23,266,9,30.8,82.9,6.7,90,Normal,16,General Supplies
2023-09-24,267,9,29.5,89.0,104.0,150,Dengue,95,Platelets & IV Fluids
2023-09-25,268,9,32.2,88.7,0.4,106,Normal,26,General Supplies
2023-09-26,269,9,24.7,82.1,3.6,97,Normal,20,General Supplies
2023-09-27,270,9,30.5,72.3,74.6,48,Normal,15,General Supplies
2023-09-28,271,9,22.5,85.0,57.9,82,Dengue,107,Platelets & IV Fluids
2023-09-29,272,9,30.6,89.6,39.3,105,Normal,16,General Supplies
2023-09-30,273,9,26.9,88.5,26.7,135,Normal,16,General Supplies
2023-10-01,274,10,27.5,91.8,0.0,43,Normal,17,General Supplies
2023-10-02,275,10,25.9,42.4,0.0,43,Normal,22,General Supplies
2023-10-03,276,10,27.9,45.1,0.0,58,Normal,21,General Supplies
2023-10-04,277,10,28.3,24.1,0.0,200,Normal,26,General Supplies
2023-10-05,278,10,32.6,47.8,0.0,57,Normal,22,General Supplies
2023-10-06,279,10,25.7,58.0,0.0,104,Normal,28,General Supplies
2023-10-07,280,10,26.5,35.7,0.0,106,Normal,22,General Supplies
2023-10-08,281,10,24.6,50.8,0.0,135,Normal,15,General Supplies
2023-10-09,282,10,23.9,46.2,0.0,114,Normal,15,General Supplies
2023-10-10,283,10,25.3,59.9,0.0,92,Normal,24,General Supplies
2023-10-11,284,10,24.5,40.0,0.0,23,Normal,19,General Supplies
2023-10-12,285,10,27.7,32.2,0.0,114,Normal,25,General Supplies
2023-10-13,286,10,20.5,51.2,0.2,106,Normal,28,General Supplies
2023-10-14,287,10,25.1,54.5,0.0,90,Normal,27,General Supplies
2023-10-15,288,10,26.1,54.3,0.0,102,Normal,24,General Supplies
2023-10-16,289,10,25.5,29.0,1.0,79,Normal,28,General Supplies
2023-10-17,290,10,18.3,59.5,0.0,132,Normal,23,General Supplies
2023-10-18,291,10,25.4,37.5,0.0,48,Normal,29,General Supplies
2023-10-19,292,10,24.6,62.4,0.0,80,Normal,20,General Supplies
2023-10-20,293,10,27.3,29.2,0.0,130,Normal,15,General Supplies
2023-10-21,294,10,25.4,42.2,0.0,65,Normal,18,General Supplies
2023-10-22,295,10,23.4,43.6,0.0,-17,Normal,16,General Supplies
2023-10-23,296,10,17.8,56.4,0.0,158,Normal,21,General Supplies
2023-10-24,297,10,23.3,24.5,0.0,198,Normal,26,General Supplies
2023-10-25,298,10,20.6,42.9,0.0,68,Normal,29,General Supplies
2023-10-26,299,10,21.8,66.2,0.0,72,Normal,20,General Supplies
2023-10-27,300,10,21.9,19.0,0.0,174,Normal,29,General Supplies
2023-10-28,301,10,21.0,34.2,0.0,71,Normal,17,General Supplies
2023-10-29,302,10,24.6,31.7,0.0,163,Normal,25,General Supplies
2023-10-30,303,10,21.9,2.8,0.0,122,Normal,17,General Supplies
2023-10-31,304,10,19.4,44.9,0.0,64,Normal,25,General Supplies
2023-11-01,305,11,22.8,35.9,2.5,124,Normal,28,General Supplies
2023-11-02,306,11,24.9,43.0,0.0,193,Normal,21,General Supplies
2023-11-03,307,11,20.4,32.6,0.0,224,Normal,28,General Supplies
2023-11-04,308,11,21.0,53.2,0.0,234,Normal,20,General Supplies
2023-11-05,309,11,23.5,52.0,0.0,282,Asthma/Respiratory,73,Nebulizers & Oxygen
2023-11-06,310,11,15.5,51.8,0.0,251,Asthma/Respiratory,50,Nebulizers & Oxygen
2023-11-07,311,11,17.4,26.0,5.5,252,Asthma/Respiratory,71,Nebulizers & Oxygen
2023-11-08,312,11,15.9,42.9,0.0,357,Asthma/Respiratory,60,Nebulizers & Oxygen
2023-11-09,313,11,18.5,59.8,0.0,191,Normal,20,General Supplies
2023-11-10,314,11,22.3,62.1,0.0,186,Normal,29,General Supplies
2023-11-11,315,11,16.3,82.5,0.0,290,Asthma/Respiratory,60,Nebulizers & Oxygen
2023-11-12,316,11,24.4,25.3,0.0,265,Asthma/Respiratory,65,Nebulizers & Oxygen
2023-11-13,317,11,18.8,30.3,0.0,250,Asthma/Respiratory,62,Nebulizers & Oxygen
2023-11-14,318,11,18.3,61.7,0.0,322,Asthma/Respiratory,63,Nebulizers & Oxygen
2023-11-15,319,11,17.3,44.9,0.0,316,Asthma/Respiratory,70,Nebulizers & Oxygen
2023-11-16,320,11,19.2,5.2,0.0,295,Asthma/Respiratory,43,Nebulizers & Oxygen
2023-11-17,321,11,16.2,30.9,0.0,230,Normal,15,General Supplies
2023-11-18,322,11,24.0,23.1,0.0,196,Normal,21,General Supplies
2023-11-19,323,11,21.7,26.7,0.0,187,Normal,26,General Supplies
2023-11-20,324,11,22.2,26.7,3.6,188,Normal,28,General Supplies
2023-11-21,325,11,20.8,9.2,0.0,398,Asthma/Respiratory,70,Nebulizers & Oxygen
2023-11-22,326,11,12.3,41.3,1.0,295,Asthma/Respiratory,65,Nebulizers & Oxygen
2023-11-23,327,11,20.0,25.7,0.0,222,Normal,19,General Supplies
2023-11-24,328,11,18.5,53.4,1.2,275,Asthma/Respiratory,42,Nebulizers & Oxygen
2023-11-25,329,11,15.3,24.5,0.0,171,Normal,18,General Supplies
2023-11-26,330,11,17.1,26.3,1.6,221,Normal,17,General Supplies
2023-11-27,331,11,16.3,55.1,0.0,234,Normal,21,General Supplies
2023-11-28,332,11,18.4,69.8,0.0,261,Asthma/Respiratory,45,Nebulizers & Oxygen
2023-11-29,333,11,21.0,33.1,0.0,228,Normal,21,General Supplies
2023-11-30,334,11,19.2,10.6,0.0,279,Asthma/Respiratory,63,Nebulizers & Oxygen
2023-12-01,335,12,15.6,30.2,2.9,347,Asthma/Respiratory,76,Nebulizers & Oxygen
2023-12-02,336,12,17.6,52.9,0.0,186,Normal,29,General Supplies
2023-12-03,337,12,21.2,62.8,0.0,327,Asthma/Respiratory,67,Nebulizers & Oxygen
2023-12-04,338,12,17.2,31.6,0.0,159,Normal,24,General Supplies
2023-12-05,339,12,16.9,38.9,2.3,361,Asthma/Respiratory,45,Nebulizers & Oxygen
2023-12-06,340,12,15.1,20.6,0.0,281,Asthma/Respiratory,53,Nebulizers & Oxygen
2023-12-07,341,12,11.7,43.5,1.5,325,Influenza (Flu),66,Antivirals & Paracetamol
2023-12-08,342,12,18.0,30.2,2.6,255,Asthma/Respiratory,56,Nebulizers & Oxygen
2023-12-09,343,12,11.0,25.4,0.0,200,Influenza (Flu),63,Antivirals & Paracetamol
2023-12-10,344,12,16.5,19.7,0.0,277,Asthma/Respiratory,40,Nebulizers & Oxygen
2023-12-11,345,12,16.5,35.0,0.0,188,Normal,18,General Supplies
2023-12-12,346,12,14.1,35.5,0.0,354,Influenza (Flu),58,Antivirals & Paracetamol
2023-12-13,347,12,11.4,52.3,0.0,183,Influenza (Flu),88,Antivirals & Paracetamol
2023-12-14,348,12,8.9,10.9,0.1,293,Influenza (Flu),62,Antivirals & Paracetamol
2023-12-15,349,12,9.3,31.0,2.1,316,Influenza (Flu),87,Antivirals & Paracetamol
2023-12-16,350,12,14.9,57.8,0.0,259,Influenza (Flu),81,Antivirals & Paracetamol
2023-12-17,351,12,15.6,54.0,0.0,184,Normal,15,General Supplies
2023-12-18,352,12,12.7,57.9,0.0,312,Influenza (Flu),69,Antivirals & Paracetamol
2023-12-19,353,12,17.2,41.8,0.0,314,Asthma/Respiratory,72,Nebulizers & Oxygen
2023-12-20,354,12,15.9,15.0,0.0,259,Asthma/Respiratory,63,Nebulizers & Oxygen
2023-12-21,355,12,17.3,10.4,0.0,328,Asthma/Respiratory,66,Nebulizers & Oxygen
2023-12-22,356,12,10.9,45.0,0.0,334,Influenza (Flu),58,Antivirals & Paracetamol
2023-12-23,357,12,13.6,40.8,0.0,166,Influenza (Flu),80,Antivirals & Paracetamol
2023-12-24,358,12,14.8,72.7,0.3,227,Influenza (Flu),94,Antivirals & Paracetamol
2023-12-25,359,12,12.5,30.6,0.0,305,Influenza (Flu),58,Antivirals & Paracetamol
2023-12-26,360,12,15.9,42.1,0.0,240,Normal,28,General Supplies
2023-12-27,361,12,11.4,41.2,0.0,136,Influenza (Flu),70,Antivirals & Paracetamol
2023-12-28,362,12,5.9,30.8,0.0,297,Influenza (Flu),72,Antivirals & Paracetamol
2023-12-29,363,12,18.3,38.0,0.0,321,Asthma/Respiratory,60,Nebulizers & Oxygen
2023-12-30,364,12,20.1,47.3,0.0,184,Normal,29,General Supplies
2023-12-31,365,12,9.6,37.8,0.4,273,Influenza (Flu),65,Antivirals & Paracetamol
2024-01-01,1,1,7.1,46.0,0.0,239,Influenza (Flu),73,Antivirals & Paracetamol
2024-01-02,2,1,15.9,31.7,0.0,243,Normal,26,General Supplies
2024-01-03,3,1,14.3,44.1,0.0,221,Influenza (Flu),78,Antivirals & Paracetamol
2024-01-04,4,1,14.4,25.3,0.0,262,Influenza (Flu),58,Antivirals & Paracetamol
2024-01-05,5,1,13.5,39.2,0.0,255,Influenza (Flu),64,Antivirals & Paracetamol
2024-01-06,6,1,16.9,21.9,0.0,349,Asthma/Respiratory,62,Nebulizers & Oxygen
2024-01-07,7,1,8.5,33.7,0.0,279,Influenza (Flu),95,Antivirals & Paracetamol
2024-01-08,8,1,17.2,38.5,0.0,332,Asthma/Respiratory,60,Nebulizers & Oxygen
2024-01-09,9,1,14.5,38.3,0.0,308,Influenza (Flu),57,Antivirals & Paracetamol
2024-01-10,10,1,9.5,44.9,0.0,242,Influenza (Flu),64,Antivirals & Paracetamol
2024-01-11,11,1,11.0,38.5,0.0,111,Influenza (Flu),94,Antivirals & Paracetamol
2024-01-12,12,1,11.9,34.7,0.0,178,Influenza (Flu),96,Antivirals & Paracetamol
2024-01-13,13,1,13.3,41.2,0.0,196,Influenza (Flu),87,Antivirals & Paracetamol
2024-01-14,14,1,17.4,23.8,2.5,255,Asthma/Respiratory,67,Nebulizers & Oxygen
2024-01-15,15,1,16.3,32.0,0.0,291,Asthma/Respiratory,60,Nebulizers & Oxygen
2024-01-16,16,1,17.1,62.0,0.0,241,Normal,26,General Supplies
2024-01-17,17,1,16.0,13.8,0.0,160,Normal,16,General Supplies
2024-01-18,18,1,21.6,45.0,0.0,305,Asthma/Respiratory,61,Nebulizers & Oxygen
2024-01-19,19,1,5.7,23.6,0.0,307,Influenza (Flu),66,Antivirals & Paracetamol
2024-01-20,20,1,9.8,57.0,0.0,342,Influenza (Flu),93,Antivirals & Paracetamol
2024-01-21,21,1,18.8,36.5,0.0,180,Normal,29,General Supplies
2024-01-22,22,1,16.6,56.2,0.0,190,Normal,25,General Supplies
2024-01-23,23,1,9.8,32.3,0.0,230,Influenza (Flu),52,Antivirals & Paracetamol
2024-01-24,24,1,15.5,31.3,0.0,247,Normal,23,General Supplies
2024-01-25,25,1,12.0,20.8,0.0,291,Influenza (Flu),53,Antivirals & Paracetamol
2024-01-26,26,1,12.8,13.9,0.0,216,Influenza (Flu),91,Antivirals & Paracetamol
2024-01-27,27,1,17.0,38.0,0.0,385,Asthma/Respiratory,39,Nebulizers & Oxygen
2024-01-28,28,1,11.6,46.4,0.7,201,Influenza (Flu),73,Antivirals & Paracetamol
2024-01-29,29,1,16.1,54.2,0.0,290,Asthma/Respiratory,62,Nebulizers & Oxygen
2024-01-30,30,1,12.8,21.3,0.0,235,Influenza (Flu),97,Antivirals & Paracetamol
2024-01-31,31,1,16.7,51.9,0.0,226,Normal,25,General Supplies
2024-02-01,32,2,13.8,55.1,0.0,58,Influenza (Flu),65,Antivirals & Paracetamol
2024-02-02,33,2,10.3,44.8,0.0,157,Influenza (Flu),80,Antivirals & Paracetamol
2024-02-03,34,2,18.3,44.4,0.0,62,Normal,20,General Supplies
2024-02-04,35,2,12.0,39.2,0.0,138,Influenza (Flu),76,Antivirals & Paracetamol
2024-02-05,36,2,13.7,21.0,0.0,92,Influenza (Flu),69,Antivirals & Paracetamol
2024-02-06,37,2,14.6,46.5,0.0,75,Influenza (Flu),59,Antivirals & Paracetamol
2024-02-07,38,2,15.2,48.1,0.0,112,Normal,22,General Supplies
2024-02-08,39,2,4.5,39.2,1.0,163,Influenza (Flu),60,Antivirals & Paracetamol
2024-02-09,40,2,16.7,40.2,0.0,27,Normal,19,General Supplies
2024-02-10,41,2,18.3,47.8,0.0,107,Normal,28,General Supplies
2024-02-11,42,2,16.9,60.3,2.5,72,Normal,20,General Supplies
2024-02-12,43,2,12.4,56.6,0.0,173,Influenza (Flu),100,Antivirals & Paracetamol
2024-02-13,44,2,16.0,46.4,0.0,116,Normal,22,General Supplies
2024-02-14,45,2,16.3,60.9,0.0,108,Normal,17,General Supplies
2024-02-15,46,2,15.0,64.3,0.0,79,Influenza (Flu),90,Antivirals & Paracetamol
2024-02-16,47,2,19.2,36.8,0.6,59,Normal,25,General Supplies
2024-02-17,48,2,17.6,45.5,0.0,34,Normal,19,General Supplies
2024-02-18,49,2,15.8,53.5,0.0,0,Normal,26,General Supplies
2024-02-19,50,2,12.5,38.3,0.0,64,Influenza (Flu),84,Antivirals & Paracetamol
2024-02-20,51,2,15.9,35.7,0.5,60,Normal,15,General Supplies
2024-02-21,52,2,20.2,61.4,0.0,140,Normal,17,General Supplies
2024-02-22,53,2,18.1,27.0,1.7,97,Normal,27,General Supplies
2024-02-23,54,2,24.2,57.2,0.0,108,Normal,21,General Supplies
2024-02-24,55,2,15.2,50.3,0.0,91,Normal,29,General Supplies
2024-02-25,56,2,13.1,33.4,0.0,125,Influenza (Flu),92,Antivirals & Paracetamol
2024-02-26,57,2,10.6,40.9,0.0,71,Influenza (Flu),92,Antivirals & Paracetamol
2024-02-27,58,2,17.5,51.0,0.0,121,Normal,17,General Supplies
2024-02-28,59,2,17.0,48.8,7.6,117,Normal,16,General Supplies
2024-02-29,60,2,11.3,21.8,0.0,55,Influenza (Flu),77,Antivirals & Paracetamol
2024-03-01,61,3,19.4,49.5,0.0,74,Normal,22,General Supplies
2024-03-02,62,3,18.3,57.8,3.8,135,Normal,16,General Supplies
2024-03-03,63,3,22.1,44.0,0.6,38,Normal,23,General Supplies
2024-03-04,64,3,19.3,32.8,0.0,168,Normal,29,General Supplies
2024-03-05,65,3,15.7,30.3,0.0,159,Normal,16,General Supplies
2024-03-06,66,3,18.9,16.9,0.1,161,Normal,17,General Supplies
2024-03-07,67,3,19.6,29.4,0.0,130,Normal,24,General Supplies
2024-03-08,68,3,17.8,19.0,0.0,105,Normal,18,General Supplies
2024-03-09,69,3,16.7,32.7,3.3,83,Normal,24,General Supplies
2024-03-10,70,3,18.7,51.5,2.9,108,Normal,17,General Supplies
2024-03-11,71,3,19.3,42.5,0.3,120,Normal,28,General Supplies
2024-03-12,72,3,17.7,45.9,0.0,139,Normal,17,General Supplies
2024-03-13,73,3,20.2,65.1,0.0,92,Normal,16,General Supplies
2024-03-14,74,3,22.5,32.4,0.0,174,Normal,16,General Supplies
2024-03-15,75,3,12.3,35.4,0.0,144,Normal,17,General Supplies
2024-03-16,76,3,18.8,32.3,0.0,74,Normal,16,General Supplies
2024-03-17,77,3,18.1,40.4,0.0,56,Normal,22,General Supplies
2024-03-18,78,3,20.3,25.7,4.6,160,Normal,20,General Supplies
2024-03-19,79,3,17.6,33.8,1.7,101,Normal,19,General Supplies
2024-03-20,80,3,20.0,54.1,0.0,128,Normal,27,General Supplies
2024-03-21,81,3,22.1,61.5,0.0,89,Normal,26,General Supplies
2024-03-22,82,3,17.8,36.9,0.0,94,Normal,15,General Supplies
2024-03-23,83,3,22.2,31.3,0.0,180,Normal,22,General Supplies
2024-03-24,84,3,20.7,77.5,0.0,55,Normal,22,General Supplies
2024-03-25,85,3,20.9,33.3,0.0,195,Normal,20,General Supplies
2024-03-26,86,3,24.7,39.6,0.0,118,Normal,21,General Supplies
2024-03-27,87,3,18.9,50.0,0.0,132,Normal,15,General Supplies
2024-03-28,88,3,16.6,35.8,0.0,75,Normal,28,General Supplies
2024-03-29,89,3,23.0,49.1,0.0,137,Normal,17,General Supplies
2024-03-30,90,3,24.2,44.0,0.0,47,Normal,18,General Supplies
2024-03-31,91,3,28.8,31.4,2.1,108,Normal,27,General Supplies
2024-04-01,92,4,22.1,7.5,0.0,146,Normal,20,General Supplies
2024-04-02,93,4,24.0,61.2,4.3,103,Normal,24,General Supplies
2024-04-03,94,4,22.6,23.2,0.6,18,Normal,18,General Supplies
2024-04-04,95,4,24.0,17.6,0.0,117,Normal,20,General Supplies
2024-04-05,96,4,26.1,73.7,0.0,60,Normal,23,General Supplies
2024-04-06,97,4,24.4,43.8,0.2,43,Normal,20,General Supplies
2024-04-07,98,4,27.4,51.3,0.0,111,Normal,29,General Supplies
2024-04-08,99,4,28.3,25.4,0.0,139,Normal,17,General Supplies
2024-04-09,100,4,16.3,51.0,0.0,59,Normal,20,General Supplies
2024-04-10,101,4,24.0,36.2,0.0,120,Normal,22,General Supplies
2024-04-11,102,4,28.7,29.6,2.4,93,Normal,20,General Supplies
2024-04-12,103,4,24.4,42.0,0.0,80,Normal,17,General Supplies
2024-04-13,104,4,23.9,23.0,0.0,104,Normal,18,General Supplies
2024-04-14,105,4,23.7,69.2,0.0,120,Normal,24,General Supplies
2024-04-15,106,4,22.5,58.7,0.0,86,Normal,24,General Supplies
2024-04-16,107,4,26.8,24.9,0.2,136,Normal,27,General Supplies
2024-04-17,108,4,24.6,37.2,1.0,193,Normal,24,General Supplies
2024-04-18,109,4,25.9,35.9,0.0,45,Normal,17,General Supplies
2024-04-19,110,4,25.4,47.6,0.4,58,Normal,23,General Supplies
2024-04-20,111,4,28.2,23.0,0.0,83,Normal,27,General Supplies
2024-04-21,112,4,27.6,59.8,0.0,180,Normal,25,General Supplies
2024-04-22,113,4,23.6,47.1,0.0,124,Normal,16,General Supplies
2024-04-23,114,4,23.5,52.3,2.5,45,Normal,16,General Supplies
2024-04-24,115,4,33.8,38.2,0.0,113,Normal,26,General Supplies
2024-04-25,116,4,28.4,44.5,0.0,148,Normal,23,General Supplies
2024-04-26,117,4,31.0,34.5,0.0,114,Normal,20,General Supplies
2024-04-27,118,4,27.3,26.8,0.0,56,Normal,21,General Supplies
2024-04-28,119,4,32.4,47.3,0.0,10,Normal,28,General Supplies
2024-04-29,120,4,23.5,44.5,0.0,110,Normal,20,General Supplies
2024-04-30,121,4,24.4,56.7,0.0,78,Normal,19,General Supplies
2024-05-01,122,5,28.8,56.8,0.0,144,Normal,24,General Supplies
2024-05-02,123,5,30.6,37.0,0.0,40,Normal,21,General Supplies
2024-05-03,124,5,26.2,32.3,0.0,37,Normal,18,General Supplies
2024-05-04,125,5,25.6,32.4,0.0,53,Normal,18,General Supplies
2024-05-05,126,5,32.8,52.1,0.0,116,Normal,17,General Supplies
2024-05-06,127,5,27.0,24.7,0.0,47,Normal,22,General Supplies
2024-05-07,128,5,33.8,32.5,0.0,96,Normal,16,General Supplies
2024-05-08,129,5,26.6,52.6,0.0,38,Normal,23,General Supplies
2024-05-09,130,5,30.4,69.7,0.0,173,Normal,20,General Supplies
2024-05-10,131,5,31.0,57.0,0.0,127,Normal,16,General Supplies
2024-05-11,132,5,32.9,47.4,0.0,110,Normal,25,General Supplies
2024-05-12,133,5,32.4,47.1,0.0,108,Normal,21,General Supplies
2024-05-13,134,5,25.5,56.1,1.9,104,Normal,16,General Supplies
2024-05-14,135,5,26.3,36.0,0.0,111,Normal,26,General Supplies
2024-05-15,136,5,33.4,32.7,0.0,144,Normal,24,General Supplies
2024-05-16,137,5,30.0,42.1,0.0,160,Normal,15,General Supplies
2024-05-17,138,5,32.4,39.3,0.0,151,Normal,26,General Supplies
2024-05-18,139,5,23.9,52.1,0.0,104,Normal,16,General Supplies
2024-05-19,140,5,27.6,47.3,0.0,101,Normal,18,General Supplies
2024-05-20,141,5,28.1,51.7,0.0,127,Normal,27,General Supplies
2024-05-21,142,5,31.4,11.2,0.0,142,Normal,18,General Supplies
2024-05-22,143,5,34.8,20.3,0.0,105,Normal,26,General Supplies
2024-05-23,144,5,35.1,23.9,2.3,80,Normal,15,General Supplies
2024-05-24,145,5,33.0,69.3,0.8,166,Normal,26,General Supplies
2024-05-25,146,5,31.6,56.0,0.0,124,Normal,29,General Supplies
2024-05-26,147,5,26.0,47.0,0.0,72,Normal,17,General Supplies
2024-05-27,148,5,34.2,50.3,0.0,113,Normal,24,General Supplies
2024-05-28,149,5,28.7,55.9,0.0,104,Normal,16,General Supplies
2024-05-29,150,5,28.0,18.6,0.0,169,Normal,25,General Supplies
2024-05-30,151,5,32.4,24.6,0.0,141,Normal,21,General Supplies
2024-05-31,152,5,30.1,49.6,0.0,99,Normal,25,General Supplies
2024-06-01,153,6,32.4,93.1,59.6,129,Dengue,95,Platelets & IV Fluids
2024-06-02,154,6,34.8,76.2,24.3,51,Normal,23,General Supplies
2024-06-03,155,6,37.5,86.2,2.5,31,Normal,21,General Supplies
2024-06-04,156,6,34.1,68.7,7.6,32,Normal,23,General Supplies
2024-06-05,157,6,33.3,78.4,43.6,78,Normal,20,General Supplies
2024-06-06,158,6,36.3,77.7,75.6,159,Normal,21,General Supplies
2024-06-07,159,6,32.0,89.8,10.0,87,Normal,21,General Supplies
2024-06-08,160,6,35.2,93.1,20.6,129,Normal,23,General Supplies
2024-06-09,161,6,38.9,100.4,40.9,100,Normal,20,General Supplies
2024-06-10,162,6,36.6,86.5,5.5,113,Normal,17,General Supplies
2024-06-11,163,6,35.0,97.2,63.1,142,Dengue,77,Platelets & IV Fluids
2024-06-12,164,6,36.8,98.7,65.4,119,Dengue,99,Platelets & IV Fluids
2024-06-13,165,6,37.9,88.3,14.1,156,Normal,16,General Supplies
2024-06-14,166,6,36.2,81.9,7.4,140,Normal,24,General Supplies
2024-06-15,167,6,37.0,70.0,39.7,99,Normal,22,General Supplies
2024-06-16,168,6,38.1,90.0,73.4,103,Dengue,102,Platelets & IV Fluids
2024-06-17,169,6,32.9,90.7,10.8,128,Normal,16,General Supplies
2024-06-18,170,6,39.0,91.5,17.3,99,Normal,28,General Supplies
2024-06-19,171,6,33.6,104.7,41.3,115,Normal,26,General Supplies
2024-06-20,172,6,34.3,71.6,20.9,109,Normal,24,General Supplies
2024-06-21,173,6,34.5,66.3,44.1,72,Normal,25,General Supplies
2024-06-22,174,6,36.2,97.3,11.2,62,Normal,18,General Supplies
2024-06-23,175,6,36.5,100.5,23.2,133,Normal,24,General Supplies
2024-06-24,176,6,36.3,74.2,158.3,179,Normal,29,General Supplies
2024-06-25,177,6,35.4,87.1,40.0,97,Normal,24,General Supplies
2024-06-26,178,6,38.1,91.5,56.2,66,Dengue,75,Platelets & IV Fluids
2024-06-27,179,6,35.5,93.9,3.2,91,Normal,16,General Supplies
2024-06-28,180,6,35.6,102.1,67.8,159,Dengue,85,Platelets & IV Fluids
2024-06-29,181,6,32.6,105.7,3.1,48,Normal,19,General Supplies
2024-06-30,182,6,33.9,89.9,46.3,140,Normal,22,General Supplies
2024-07-01,183,7,36.9,73.3,66.0,129,Normal,18,General Supplies
2024-07-02,184,7,45.2,79.9,81.1,29,Heat Stroke,52,Saline & Cooling Packs
2024-07-03,185,7,38.9,75.2,7.4,74,Normal,28,General Supplies
2024-07-04,186,7,40.6,75.8,50.3,125,Heat Stroke,61,Saline & Cooling Packs
2024-07-05,187,7,40.3,101.6,238.9,77,Dengue,64,Platelets & IV Fluids
2024-07-06,188,7,38.5,80.8,54.3,133,Dengue,72,Platelets & IV Fluids
2024-07-07,189,7,29.6,78.7,4.9,122,Normal,23,General Supplies
2024-07-08,190,7,38.1,90.7,107.3,66,Dengue,107,Platelets & IV Fluids
2024-07-09,191,7,36.9,88.0,31.1,35,Normal,20,General Supplies
2024-07-10,192,7,36.5,93.2,38.3,39,Normal,26,General Supplies
2024-07-11,193,7,36.0,73.5,26.8,140,Normal,18,General Supplies
2024-07-12,194,7,30.9,85.7,2.0,69,Normal,26,General Supplies
2024-07-13,195,7,41.4,93.5,1.9,60,Heat Stroke,57,Saline & Cooling Packs
2024-07-14,196,7,41.5,83.7,106.1,136,Dengue,112,Platelets & IV Fluids
2024-07-15,197,7,43.5,87.6,0.8,146,Heat Stroke,58,Saline & Cooling Packs
2024-07-16,198,7,36.5,74.0,34.5,57,Normal,15,General Supplies
2024-07-17,199,7,38.1,104.9,0.7,80,Normal,17,General Supplies
2024-07-18,200,7,38.5,100.1,7.6,91,Normal,16,General Supplies
2024-07-19,201,7,32.0,80.5,45.4,37,Normal,25,General Supplies
2024-07-20,202,7,30.8,80.5,85.0,19,Dengue,116,Platelets & IV Fluids
2024-07-21,203,7,34.0,93.6,28.4,93,Normal,27,General Supplies
2024-07-22,204,7,35.9,82.0,5.2,186,Normal,23,General Supplies
2024-07-23,205,7,34.9,78.0,4.9,140,Normal,26,General Supplies
2024-07-24,206,7,37.4,87.0,22.3,104,Normal,19,General Supplies
2024-07-25,207,7,36.4,89.1,69.9,79,Dengue,100,Platelets & IV Fluids
2024-07-26,208,7,35.4,83.5,8.8,117,Normal,18,General Supplies
2024-07-27,209,7,32.6,81.6,9.0,178,Normal,26,General Supplies
2024-07-28,210,7,38.6,99.1,6.5,58,Normal,18,General Supplies
2024-07-29,211,7,41.2,74.3,20.8,33,Heat Stroke,49,Saline & Cooling Packs
2024-07-30,212,7,35.9,89.8,76.5,61,Dengue,113,Platelets & IV Fluids
2024-07-31,213,7,34.5,98.2,4.9,76,Normal,23,General Supplies
2024-08-01,214,8,35.4,76.5,39.7,59,Normal,22,General Supplies
2024-08-02,215,8,41.2,69.5,37.1,118,Heat Stroke,50,Saline & Cooling Packs
2024-08-03,216,8,34.7,87.0,30.3,95,Normal,29,General Supplies
2024-08-04,217,8,34.9,87.5,51.7,120,Dengue,75,Platelets & IV Fluids
2024-08-05,218,8,36.8,82.4,3.3,58,Normal,26,General Supplies
2024-08-06,219,8,38.8,76.5,27.0,97,Normal,15,General Supplies
2024-08-07,220,8,38.6,85.9,25.3,121,Normal,25,General Supplies
2024-08-08,221,8,36.4,86.4,6.3,50,Normal,22,General Supplies
2024-08-09,222,8,33.8,83.4,18.3,112,Normal,28,General Supplies
2024-08-10,223,8,36.2,90.6,10.4,142,Normal,23,General Supplies
2024-08-11,224,8,40.1,78.4,32.1,94,Heat Stroke,48,Saline & Cooling Packs
2024-08-12,225,8,36.6,93.4,60.3,141,Dengue,101,Platelets & IV Fluids
2024-08-13,226,8,35.5,93.0,11.6,83,Normal,26,General Supplies
2024-08-14,227,8,41.8,69.1,20.6,94,Heat Stroke,53,Saline & Cooling Packs
2024-08-15,228,8,35.5,83.5,96.2,63,Dengue,76,Platelets & IV Fluids
2024-08-16,229,8,35.8,84.8,3.8,65,Normal,22,General Supplies
2024-08-17,230,8,31.1,90.9,33.4,72,Normal,20,General Supplies
2024-08-18,231,8,34.2,105.8,7.0,164,Normal,16,General Supplies
2024-08-19,232,8,35.4,91.9,26.4,132,Normal,21,General Supplies
2024-08-20,233,8,33.2,92.9,16.5,96,Normal,29,General Supplies
2024-08-21,234,8,34.8,83.1,70.6,65,Dengue,97,Platelets & IV Fluids
2024-08-22,235,8,29.8,73.4,51.1,84,Normal,29,General Supplies
2024-08-23,236,8,36.0,85.1,117.1,141,Dengue,95,Platelets & IV Fluids
2024-08-24,237,8,35.0,77.7,5.6,158,Normal,20,General Supplies
2024-08-25,238,8,30.7,89.8,157.0,111,Dengue,96,Platelets & IV Fluids
2024-08-26,239,8,38.0,81.6,58.8,69,Dengue,98,Platelets & IV Fluids
2024-08-27,240,8,34.1,58.7,40.9,84,Normal,18,General Supplies
2024-08-28,241,8,30.5,82.5,1.2,143,Normal,21,General Supplies
2024-08-29,242,8,31.7,86.5,46.3,141,Normal,27,General Supplies
2024-08-30,243,8,33.2,90.2,15.5,93,Normal,18,General Supplies
2024-08-31,244,8,33.0,95.9,25.4,38,Normal,21,General Supplies
2024-09-01,245,9,32.8,86.2,56.3,49,Dengue,71,Platelets & IV Fluids
2024-09-02,246,9,30.6,71.4,10.3,78,Normal,27,General Supplies
2024-09-03,247,9,34.2,95.7,92.4,83,Dengue,91,Platelets & IV Fluids
2024-09-04,248,9,26.5,80.8,11.8,49,Normal,28,General Supplies
2024-09-05,249,9,34.3,70.4,11.6,135,Normal,22,General Supplies
2024-09-06,250,9,29.9,95.6,3.3,90,Normal,23,General Supplies
2024-09-07,251,9,35.9,82.4,67.4,142,Dengue,60,Platelets & IV Fluids
2024-09-08,252,9,34.2,98.7,23.5,55,Normal,29,General Supplies
2024-09-09,253,9,34.0,93.2,5.3,137,Normal,22,General Supplies
2024-09-10,254,9,27.6,74.8,46.6,21,Normal,25,General Supplies
2024-09-11,255,9,27.7,65.6,6.1,135,Normal,27,General Supplies
2024-09-12,256,9,29.5,78.5,50.5,177,Normal,26,General Supplies
2024-09-13,257,9,32.4,87.0,19.7,92,Normal,23,General Supplies
2024-09-14,258,9,30.9,86.1,33.3,140,Normal,16,General Supplies
2024-09-15,259,9,36.5,96.0,106.4,168,Dengue,92,Platelets & IV Fluids
2024-09-16,260,9,29.2,89.3,55.8,157,Dengue,100,Platelets & IV Fluids
2024-09-17,261,9,30.1,75.2,48.7,68,Normal,27,General Supplies
2024-09-18,262,9,35.5,85.3,47.0,83,Normal,18,General Supplies
2024-09-19,263,9,31.1,86.2,22.8,9,Normal,16,General Supplies
2024-09-20,264,9,31.6,90.9,53.3,104,Dengue,114,Platelets & IV Fluids
2024-09-21,265,9,26.3,93.4,250.8,74,Dengue,74,Platelets & IV Fluids
2024-09-22,266,9,26.3,70.3,13.0,81,Normal,23,General Supplies
2024-09-23,267,9,25.2,93.5,22.2,38,Normal,21,General Supplies
2024-09-24,268,9,30.2,93.9,157.1,88,Dengue,69,Platelets & IV Fluids
2024-09-25,269,9,23.1,78.5,54.3,140,Normal,15,General Supplies
2024-09-26,270,9,27.7,81.7,35.2,68,Normal,21,General Supplies
2024-09-27,271,9,35.5,89.9,69.9,90,Dengue,84,Platelets & IV Fluids
2024-09-28,272,9,33.1,82.7,30.8,72,Normal,18,General Supplies
2024-09-29,273,9,32.0,92.9,3.1,109,Normal,28,General Supplies
2024-09-30,274,9,29.2,80.2,41.9,139,Normal,25,General Supplies
2024-10-01,275,10,34.5,57.2,0.0,125,Normal,16,General Supplies
2024-10-02,276,10,27.9,29.8,0.8,84,Normal,26,General Supplies
2024-10-03,277,10,26.6,25.2,0.0,97,Normal,16,General Supplies
2024-10-04,278,10,31.0,51.9,0.0,83,Normal,26,General Supplies
2024-10-05,279,10,30.6,18.5,0.0,121,Normal,20,General Supplies
2024-10-06,280,10,27.4,22.5,1.8,177,Normal,26,General Supplies
2024-10-07,281,10,25.5,58.3,0.0,154,Normal,15,General Supplies
2024-10-08,282,10,25.2,50.1,0.0,80,Normal,22,General Supplies
2024-10-09,283,10,28.8,26.0,0.0,81,Normal,20,General Supplies
2024-10-10,284,10,29.4,27.0,0.0,41,Normal,20,General Supplies
2024-10-11,285,10,25.6,44.6,0.0,68,Normal,23,General Supplies
2024-10-12,286,10,23.8,54.5,0.0,137,Normal,20,General Supplies
2024-10-13,287,10,20.3,40.4,0.0,47,Normal,19,General Supplies
2024-10-14,288,10,30.0,61.6,0.0,83,Normal,17,General Supplies
2024-10-15,289,10,31.5,62.6,1.5,54,Normal,21,General Supplies
2024-10-16,290,10,23.6,31.7,0.0,45,Normal,25,General Supplies
2024-10-17,291,10,22.5,21.9,0.0,138,Normal,29,General Supplies
2024-10-18,292,10,26.1,42.0,0.0,131,Normal,26,General Supplies
2024-10-19,293,10,24.8,40.6,0.0,142,Normal,18,General Supplies
2024-10-20,294,10,23.2,30.1,0.0,101,Normal,28,General Supplies
2024-10-21,295,10,23.1,15.3,0.0,73,Normal,20,General Supplies
2024-10-22,296,10,25.1,22.2,0.0,52,Normal,21,General Supplies
2024-10-23,297,10,25.7,49.8,0.0,96,Normal,20,General Supplies
2024-10-24,298,10,20.3,41.8,0.0,153,Normal,18,General Supplies
2024-10-25,299,10,21.4,54.5,0.0,174,Normal,20,General Supplies
2024-10-26,300,10,20.0,30.8,0.9,115,Normal,17,General Supplies
2024-10-27,301,10,21.9,31.6,0.5,84,Normal,15,General Supplies
2024-10-28,302,10,10.1,21.0,0.0,98,Normal,18,General Supplies
2024-10-29,303,10,19.7,38.5,0.0,89,Normal,27,General Supplies
2024-10-30,304,10,24.5,33.8,0.0,50,Normal,27,General Supplies
2024-10-31,305,10,24.9,35.2,2.3,176,Normal,23,General Supplies
2024-11-01,306,11,19.0,22.9,0.3,230,Normal,29,General Supplies
2024-11-02,307,11,15.5,58.1,0.0,164,Normal,27,General Supplies
2024-11-03,308,11,20.6,45.6,0.0,279,Asthma/Respiratory,62,Nebulizers & Oxygen
2024-11-04,309,11,23.3,36.1,0.0,217,Normal,15,General Supplies
2024-11-05,310,11,21.0,59.9,0.3,313,Asthma/Respiratory,59,Nebulizers & Oxygen
2024-11-06,311,11,18.8,45.7,0.0,271,Asthma/Respiratory,68,Nebulizers & Oxygen
2024-11-07,312,11,17.7,65.4,0.0,302,Asthma/Respiratory,77,Nebulizers & Oxygen
2024-11-08,313,11,16.5,42.4,0.0,284,Asthma/Respiratory,52,Nebulizers & Oxygen
2024-11-09,314,11,21.7,49.3,0.0,309,Asthma/Respiratory,62,Nebulizers & Oxygen
2024-11-10,315,11,20.4,39.4,0.0,190,Normal,24,General Supplies
2024-11-11,316,11,24.3,54.8,0.0,223,Normal,15,General Supplies
2024-11-12,317,11,20.9,27.1,0.0,277,Asthma/Respiratory,55,Nebulizers & Oxygen
2024-11-13,318,11,23.5,54.7,0.0,249,Normal,15,General Supplies
2024-11-14,319,11,17.3,27.0,0.0,278,Asthma/Respiratory,67,Nebulizers & Oxygen
2024-11-15,320,11,19.3,38.7,0.0,232,Normal,21,General Supplies
2024-11-16,321,11,16.8,39.6,0.0,222,Normal,19,General Supplies
2024-11-17,322,11,16.8,42.1,5.1,153,Normal,20,General Supplies
2024-11-18,323,11,22.6,20.1,0.0,319,Asthma/Respiratory,69,Nebulizers & Oxygen
2024-11-19,324,11,14.8,24.6,0.0,318,Asthma/Respiratory,57,Nebulizers & Oxygen
2024-11-20,325,11,18.3,63.5,0.2,249,Normal,20,General Supplies
2024-11-21,326,11,20.2,50.7,0.0,328,Asthma/Respiratory,66,Nebulizers & Oxygen
2024-11-22,327,11,21.2,48.6,0.0,236,Normal,22,General Supplies
2024-11-23,328,11,20.2,38.3,0.0,211,Normal,18,General Supplies
2024-11-24,329,11,22.6,54.4,0.0,245,Normal,25,General Supplies
2024-11-25,330,11,16.2,44.2,0.0,107,Normal,21,General Supplies
2024-11-26,331,11,15.7,69.3,0.0,264,Asthma/Respiratory,53,Nebulizers & Oxygen
2024-11-27,332,11,19.6,25.2,0.0,247,Normal,20,General Supplies
2024-11-28,333,11,17.8,37.3,0.2,261,Asthma/Respiratory,62,Nebulizers & Oxygen
2024-11-29,334,11,18.1,62.1,0.0,242,Normal,29,General Supplies
2024-11-30,335,11,19.3,52.9,0.0,244,Normal,23,General Supplies
2024-12-01,336,12,14.0,24.1,0.0,352,Influenza (Flu),86,Antivirals & Paracetamol
2024-12-02,337,12,20.1,64.0,0.0,236,Normal,23,General Supplies
2024-12-03,338,12,19.1,59.9,0.0,184,Normal,24,General Supplies
2024-12-04,339,12,16.3,35.4,0.0,153,Normal,21,General Supplies
2024-12-05,340,12,13.0,24.6,0.0,230,Influenza (Flu),101,Antivirals & Paracetamol
2024-12-06,341,12,8.7,37.3,0.0,356,Influenza (Flu),100,Antivirals & Paracetamol
2024-12-07,342,12,18.0,38.0,0.0,262,Asthma/Respiratory,56,Nebulizers & Oxygen
2024-12-08,343,12,14.9,35.6,0.8,242,Influenza (Flu),59,Antivirals & Paracetamol
2024-12-09,344,12,15.6,29.8,0.2,170,Normal,22,General Supplies
2024-12-10,345,12,15.2,24.2,0.4,317,Asthma/Respiratory,78,Nebulizers & Oxygen
2024-12-11,346,12,16.3,33.3,0.0,315,Asthma/Respiratory,48,Nebulizers & Oxygen
2024-12-12,347,12,15.2,28.3,0.0,287,Asthma/Respiratory,56,Nebulizers & Oxygen
2024-12-13,348,12,15.8,61.9,2.1,255,Asthma/Respiratory,61,Nebulizers & Oxygen
2024-12-14,349,12,9.7,33.9,0.0,226,Influenza (Flu),88,Antivirals & Paracetamol
2024-12-15,350,12,13.7,32.5,0.0,291,Influenza (Flu),81,Antivirals & Paracetamol
2024-12-16,351,12,12.2,55.8,2.9,250,Influenza (Flu),74,Antivirals & Paracetamol
2024-12-17,352,12,14.1,47.0,4.5,328,Influenza (Flu),75,Antivirals & Paracetamol
2024-12-18,353,12,14.5,52.7,0.0,286,Influenza (Flu),78,Antivirals & Paracetamol
2024-12-19,354,12,17.4,58.1,0.0,270,Asthma/Respiratory,68,Nebulizers & Oxygen
2024-12-20,355,12,11.2,26.9,1.0,360,Influenza (Flu),48,Antivirals & Paracetamol
2024-12-21,356,12,15.6,36.4,0.4,301,Asthma/Respiratory,47,Nebulizers & Oxygen
2024-12-22,357,12,13.2,41.5,0.0,353,Influenza (Flu),61,Antivirals & Paracetamol
2024-12-23,358,12,10.3,53.5,0.0,343,Influenza (Flu),84,Antivirals & Paracetamol
2024-12-24,359,12,9.8,68.4,3.2,317,Influenza (Flu),66,Antivirals & Paracetamol
2024-12-25,360,12,12.7,31.2,0.0,218,Influenza (Flu),63,Antivirals & Paracetamol
2024-12-26,361,12,10.6,36.5,0.0,244,Influenza (Flu),82,Antivirals & Paracetamol
2024-12-27,362,12,16.8,42.1,0.0,379,Asthma/Respiratory,71,Nebulizers & Oxygen
2024-12-28,363,12,13.0,53.3,0.0,194,Influenza (Flu),97,Antivirals & Paracetamol
2024-12-29,364,12,16.8,43.9,0.0,313,Asthma/Respiratory,57,Nebulizers & Oxygen
2024-12-30,365,12,13.4,20.5,1.0,246,Influenza (Flu),59,Antivirals & Paracetamol
2024-12-31,366,12,14.3,46.2,0.0,246,Influenza (Flu),60,Antivirals & Paracetamol
2025-01-01,1,1,12.1,40.1,0.0,291,Influenza (Flu),91,Antivirals & Paracetamol
2025-01-02,2,1,9.8,53.2,0.0,213,Influenza (Flu),95,Antivirals & Paracetamol
2025-01-03,3,1,17.3,15.2,0.0,202,Normal,28,General Supplies
2025-01-04,4,1,12.0,29.5,0.0,121,Influenza (Flu),67,Antivirals & Paracetamol
2025-01-05,5,1,16.4,52.2,0.3,259,Asthma/Respiratory,46,Nebulizers & Oxygen
2025-01-06,6,1,11.8,32.6,0.0,256,Influenza (Flu),101,Antivirals & Paracetamol
2025-01-07,7,1,21.1,67.4,0.0,170,Normal,27,General Supplies
2025-01-08,8,1,14.1,25.6,0.0,190,Influenza (Flu),96,Antivirals & Paracetamol
2025-01-09,9,1,10.7,45.2,0.8,254,Influenza (Flu),70,Antivirals & Paracetamol
2025-01-10,10,1,12.3,32.6,1.8,263,Influenza (Flu),50,Antivirals & Paracetamol
2025-01-11,11,1,10.6,27.6,1.3,254,Influenza (Flu),73,Antivirals & Paracetamol
2025-01-12,12,1,15.7,34.6,0.0,218,Normal,16,General Supplies
2025-01-13,13,1,14.5,35.9,0.0,309,Influenza (Flu),55,Antivirals & Paracetamol
2025-01-14,14,1,10.7,24.7,0.0,195,Influenza (Flu),82,Antivirals & Paracetamol
2025-01-15,15,1,11.8,31.7,0.0,223,Influenza (Flu),90,Antivirals & Paracetamol
2025-01-16,16,1,15.7,42.6,0.0,243,Normal,21,General Supplies
2025-01-17,17,1,10.4,35.5,0.8,243,Influenza (Flu),78,Antivirals & Paracetamol
2025-01-18,18,1,13.8,75.4,0.0,129,Influenza (Flu),67,Antivirals & Paracetamol
2025-01-19,19,1,9.1,19.8,0.0,157,Influenza (Flu),78,Antivirals & Paracetamol
2025-01-20,20,1,13.2,13.7,1.1,328,Influenza (Flu),82,Antivirals & Paracetamol
2025-01-21,21,1,17.9,47.1,0.0,257,Asthma/Respiratory,53,Nebulizers & Oxygen
2025-01-22,22,1,11.6,19.9,0.0,309,Influenza (Flu),77,Antivirals & Paracetamol
2025-01-23,23,1,12.5,36.4,0.7,291,Influenza (Flu),97,Antivirals & Paracetamol
2025-01-24,24,1,13.1,51.3,0.0,237,Influenza (Flu),65,Antivirals & Paracetamol
2025-01-25,25,1,11.5,17.9,0.0,196,Influenza (Flu),63,Antivirals & Paracetamol
2025-01-26,26,1,15.3,47.8,3.5,264,Asthma/Respiratory,49,Nebulizers & Oxygen
2025-01-27,27,1,13.8,5.7,0.0,238,Influenza (Flu),86,Antivirals & Paracetamol
2025-01-28,28,1,14.1,24.4,0.0,315,Influenza (Flu),104,Antivirals & Paracetamol
2025-01-29,29,1,17.4,44.4,0.0,291,Asthma/Respiratory,37,Nebulizers & Oxygen
2025-01-30,30,1,14.4,59.2,7.4,272,Influenza (Flu),61,Antivirals & Paracetamol
2025-01-31,31,1,16.4,85.8,0.0,203,Normal,24,General Supplies
2025-02-01,32,2,15.7,34.0,0.0,76,Normal,27,General Supplies
2025-02-02,33,2,11.0,41.0,0.0,100,Influenza (Flu),62,Antivirals & Paracetamol
2025-02-03,34,2,14.5,51.0,0.0,105,Influenza (Flu),107,Antivirals & Paracetamol
2025-02-04,35,2,15.1,44.8,0.0,33,Normal,23,General Supplies
2025-02-05,36,2,17.3,56.5,0.0,124,Normal,29,General Supplies
2025-02-06,37,2,18.3,33.7,0.0,101,Normal,25,General Supplies
2025-02-07,38,2,17.1,44.5,0.0,122,Normal,17,General Supplies
2025-02-08,39,2,15.3,43.9,0.0,55,Normal,28,General Supplies
2025-02-09,40,2,13.5,44.2,0.0,57,Influenza (Flu),87,Antivirals & Paracetamol
2025-02-10,41,2,10.5,29.2,0.0,62,Influenza (Flu),98,Antivirals & Paracetamol
2025-02-11,42,2,15.9,62.0,0.0,105,Normal,28,General Supplies
2025-02-12,43,2,17.4,39.6,0.0,86,Normal,18,General Supplies
2025-02-13,44,2,19.3,53.2,0.4,122,Normal,26,General Supplies
2025-02-14,45,2,11.4,27.2,0.0,108,Influenza (Flu),67,Antivirals & Paracetamol
2025-02-15,46,2,11.7,20.9,0.0,68,Influenza (Flu),49,Antivirals & Paracetamol
2025-02-16,47,2,14.9,46.6,0.0,153,Influenza (Flu),100,Antivirals & Paracetamol
2025-02-17,48,2,17.3,70.5,0.0,107,Normal,20,General Supplies
2025-02-18,49,2,12.5,35.3,0.0,45,Influenza (Flu),80,Antivirals & Paracetamol
2025-02-19,50,2,19.2,26.2,9.4,178,Normal,25,General Supplies
2025-02-20,51,2,15.3,64.1,0.0,174,Normal,19,General Supplies
2025-02-21,52,2,13.8,65.3,0.0,86,Influenza (Flu),71,Antivirals & Paracetamol
2025-02-22,53,2,19.3,54.8,0.0,94,Normal,24,General Supplies
2025-02-23,54,2,18.6,40.2,0.0,154,Normal,21,General Supplies
2025-02-24,55,2,16.1,35.6,0.0,79,Normal,24,General Supplies
2025-02-25,56,2,20.1,51.1,0.0,158,Normal,19,General Supplies
2025-02-26,57,2,15.8,30.1,0.0,78,Normal,25,General Supplies
2025-02-27,58,2,19.5,48.9,0.0,91,Normal,17,General Supplies
2025-02-28,59,2,17.2,45.9,0.3,81,Normal,21,General Supplies
2025-03-01,60,3,11.0,46.8,0.0,115,Normal,24,General Supplies
2025-03-02,61,3,18.7,43.9,0.0,58,Normal,25,General Supplies
2025-03-03,62,3,15.9,35.1,0.0,110,Normal,24,General Supplies
2025-03-04,63,3,17.0,52.9,0.0,80,Normal,25,General Supplies
2025-03-05,64,3,19.6,38.8,0.0,119,Normal,24,General Supplies
2025-03-06,65,3,23.6,61.8,0.0,97,Normal,16,General Supplies
2025-03-07,66,3,15.6,14.7,0.0,158,Normal,20,General Supplies
2025-03-08,67,3,17.4,60.4,0.0,126,Normal,18,General Supplies
2025-03-09,68,3,21.4,26.3,0.8,140,Normal,25,General Supplies
2025-03-10,69,3,23.0,39.0,0.1,123,Normal,28,General Supplies
2025-03-11,70,3,18.2,53.9,1.2,33,Normal,20,General Supplies
2025-03-12,71,3,14.5,35.4,0.0,112,Normal,26,General Supplies
2025-03-13,72,3,19.6,37.9,2.6,88,Normal,27,General Supplies
2025-03-14,73,3,16.5,43.3,2.6,123,Normal,21,General Supplies
2025-03-15,74,3,18.5,67.7,0.0,42,Normal,22,General Supplies
2025-03-16,75,3,17.8,61.8,0.0,193,Normal,28,General Supplies
2025-03-17,76,3,19.7,24.8,0.0,97,Normal,20,General Supplies
2025-03-18,77,3,24.0,63.2,0.0,98,Normal,19,General Supplies
2025-03-19,78,3,17.0,46.4,0.0,88,Normal,16,General Supplies
2025-03-20,79,3,21.8,21.0,0.0,74,Normal,28,General Supplies
2025-03-21,80,3,19.4,61.2,0.0,63,Normal,15,General Supplies
2025-03-22,81,3,19.9,35.7,0.0,49,Normal,25,General Supplies
2025-03-23,82,3,17.4,56.2,0.0,72,Normal,26,General Supplies
2025-03-24,83,3,16.9,24.6,0.0,124,Normal,25,General Supplies
2025-03-25,84,3,18.2,47.0,0.4,100,Normal,24,General Supplies
2025-03-26,85,3,11.1,41.8,0.0,155,Normal,18,General Supplies
2025-03-27,86,3,20.3,31.3,1.2,90,Normal,29,General Supplies
2025-03-28,87,3,21.4,48.3,0.0,41,Normal,27,General Supplies
2025-03-29,88,3,20.6,40.2,0.0,132,Normal,25,General Supplies
2025-03-30,89,3,21.0,60.9,0.0,98,Normal,18,General Supplies
2025-03-31,90,3,20.2,37.8,0.0,103,Normal,17,General Supplies
2025-04-01,91,4,22.9,34.7,0.3,78,Normal,24,General Supplies
2025-04-02,92,4,19.6,54.5,0.0,68,Normal,26,General Supplies
2025-04-03,93,4,25.2,20.7,0.0,38,Normal,19,General Supplies
2025-04-04,94,4,21.6,33.2,0.0,79,Normal,19,General Supplies
2025-04-05,95,4,22.7,50.5,0.0,77,Normal,19,General Supplies
2025-04-06,96,4,23.6,48.5,0.9,108,Normal,26,General Supplies
2025-04-07,97,4,22.5,42.8,0.0,47,Normal,25,General Supplies
2025-04-08,98,4,24.2,38.7,0.0,139,Normal,21,General Supplies
2025-04-09,99,4,20.4,51.6,0.0,93,Normal,27,General Supplies
2025-04-10,100,4,29.3,42.5,0.0,140,Normal,22,General Supplies
2025-04-11,101,4,22.5,42.0,0.0,114,Normal,29,General Supplies
2025-04-12,102,4,22.3,22.1,2.0,127,Normal,29,General Supplies
2025-04-13,103,4,28.7,53.9,0.0,67,Normal,16,General Supplies
2025-04-14,104,4,28.6,25.0,0.0,75,Normal,23,General Supplies
2025-04-15,105,4,28.9,30.7,0.0,70,Normal,20,General Supplies
2025-04-16,106,4,21.8,29.4,2.4,55,Normal,23,General Supplies
2025-04-17,107,4,21.4,23.4,0.0,67,Normal,21,General Supplies
2025-04-18,108,4,24.0,35.8,0.0,75,Normal,27,General Supplies
2025-04-19,109,4,28.9,46.3,0.0,102,Normal,16,General Supplies
2025-04-20,110,4,25.8,57.1,0.0,165,Normal,15,General Supplies
2025-04-21,111,4,26.2,34.6,0.3,91,Normal,22,General Supplies
2025-04-22,112,4,29.2,29.6,6.4,129,Normal,29,General Supplies
2025-04-23,113,4,19.2,36.6,0.0,80,Normal,21,General Supplies
2025-04-24,114,4,31.1,61.2,0.0,81,Normal,19,General Supplies
2025-04-25,115,4,29.6,26.9,0.0,123,Normal,21,General Supplies
2025-04-26,116,4,30.4,20.2,0.0,51,Normal,15,General Supplies
2025-04-27,117,4,26.8,17.6,0.0,53,Normal,20,General Supplies
2025-04-28,118,4,28.2,3.3,0.0,109,Normal,16,General Supplies
2025-04-29,119,4,27.1,42.9,0.0,78,Normal,20,General Supplies
2025-04-30,120,4,34.3,39.9,0.0,93,Normal,20,General Supplies
2025-05-01,121,5,27.8,59.1,0.0,129,Normal,19,General Supplies
2025-05-02,122,5,27.9,66.9,1.8,86,Normal,29,General Supplies
2025-05-03,123,5,31.0,45.9,0.0,111,Normal,23,General Supplies
2025-05-04,124,5,24.7,32.7,0.0,137,Normal,20,General Supplies
2025-05-05,125,5,28.6,24.3,0.0,80,Normal,28,General Supplies
2025-05-06,126,5,27.5,44.3,0.0,115,Normal,15,General Supplies
2025-05-07,127,5,28.0,49.5,5.3,95,Normal,18,General Supplies
2025-05-08,128,5,25.6,34.0,0.0,99,Normal,15,General Supplies
2025-05-09,129,5,33.7,64.3,2.2,137,Normal,18,General Supplies
2025-05-10,130,5,30.1,32.9,0.0,81,Normal,16,General Supplies
2025-05-11,131,5,29.6,18.2,0.0,40,Normal,29,General Supplies
2025-05-12,132,5,30.9,28.9,0.0,231,Normal,28,General Supplies
2025-05-13,133,5,26.2,39.5,0.0,64,Normal,28,General Supplies
2025-05-14,134,5,32.4,73.1,0.0,119,Normal,29,General Supplies
2025-05-15,135,5,27.4,32.3,0.1,99,Normal,28,General Supplies
2025-05-16,136,5,30.6,31.1,0.0,91,Normal,19,General Supplies
2025-05-17,137,5,33.6,32.9,0.0,74,Normal,27,General Supplies
2025-05-18,138,5,30.5,39.3,0.0,118,Normal,22,General Supplies
2025-05-19,139,5,29.7,49.9,0.0,97,Normal,18,General Supplies
2025-05-20,140,5,25.7,9.1,3.6,126,Normal,24,General Supplies
2025-05-21,141,5,30.2,29.1,0.9,108,Normal,16,General Supplies
2025-05-22,142,5,31.9,71.3,0.0,47,Normal,27,General Supplies
2025-05-23,143,5,28.8,52.5,0.0,96,Normal,17,General Supplies
2025-05-24,144,5,33.6,53.9,0.0,81,Normal,24,General Supplies
2025-05-25,145,5,33.7,43.7,0.0,74,Normal,16,General Supplies
2025-05-26,146,5,30.4,43.3,0.0,52,Normal,24,General Supplies
2025-05-27,147,5,32.2,21.8,0.0,63,Normal,20,General Supplies
2025-05-28,148,5,33.7,68.7,9.3,101,Normal,29,General Supplies
2025-05-29,149,5,37.7,42.7,0.3,153,Normal,23,General Supplies
2025-05-30,150,5,35.4,23.8,6.8,120,Normal,23,General Supplies
2025-05-31,151,5,30.0,22.9,0.0,151,Normal,23,General Supplies
2025-06-01,152,6,41.0,68.4,9.5,138,Heat Stroke,52,Saline & Cooling Packs
2025-06-02,153,6,33.2,88.1,13.9,101,Normal,15,General Supplies
2025-06-03,154,6,35.2,89.9,59.0,114,Dengue,107,Platelets & IV Fluids
2025-06-04,155,6,32.0,85.6,42.1,87,Normal,29,General Supplies
2025-06-05,156,6,35.5,90.9,14.6,141,Normal,27,General Supplies
2025-06-06,157,6,33.8,93.7,55.1,81,Dengue,88,Platelets & IV Fluids
2025-06-07,158,6,30.5,89.5,13.3,71,Normal,16,General Supplies
2025-06-08,159,6,27.6,76.8,5.5,106,Normal,17,General Supplies
2025-06-09,160,6,34.3,82.8,5.0,131,Normal,21,General Supplies
2025-06-10,161,6,39.6,83.9,47.7,61,Normal,23,General Supplies
2025-06-11,162,6,40.5,71.2,65.9,113,Heat Stroke,41,Saline & Cooling Packs
2025-06-12,163,6,28.7,73.1,5.3,99,Normal,26,General Supplies
2025-06-13,164,6,37.8,82.3,8.5,121,Normal,28,General Supplies
2025-06-14,165,6,37.4,81.8,68.7,76,Dengue,91,Platelets & IV Fluids
2025-06-15,166,6,33.5,65.9,31.6,151,Normal,28,General Supplies
2025-06-16,167,6,31.4,64.7,44.1,125,Normal,23,General Supplies
2025-06-17,168,6,29.6,86.5,53.2,123,Dengue,74,Platelets & IV Fluids
2025-06-18,169,6,40.3,78.7,174.6,59,Heat Stroke,51,Saline & Cooling Packs
2025-06-19,170,6,31.7,76.6,23.4,63,Normal,16,General Supplies
2025-06-20,171,6,30.4,70.5,27.0,117,Normal,19,General Supplies
2025-06-21,172,6,35.4,104.7,28.0,138,Normal,18,General Supplies
2025-06-22,173,6,37.6,90.1,70.0,-12,Dengue,110,Platelets & IV Fluids
2025-06-23,174,6,31.7,94.6,3.0,55,Normal,17,General Supplies
2025-06-24,175,6,33.9,79.0,52.6,126,Normal,20,General Supplies
2025-06-25,176,6,34.9,83.5,9.3,137,Normal,23,General Supplies
2025-06-26,177,6,39.9,74.7,13.5,89,Normal,26,General Supplies
2025-06-27,178,6,37.9,76.9,38.9,104,Normal,15,General Supplies
2025-06-28,179,6,33.3,97.6,96.9,67,Dengue,61,Platelets & IV Fluids
2025-06-29,180,6,37.6,84.9,39.4,157,Normal,16,General Supplies
2025-06-30,181,6,33.0,105.2,3.9,92,Normal,26,General Supplies
2025-07-01,182,7,40.3,92.9,10.9,81,Heat Stroke,53,Saline & Cooling Packs
2025-07-02,183,7,39.3,79.2,24.7,152,Normal,24,General Supplies
2025-07-03,184,7,37.8,84.9,106.3,153,Dengue,73,Platelets & IV Fluids
2025-07-04,185,7,35.4,89.2,131.5,124,Dengue,100,Platelets & IV Fluids
2025-07-05,186,7,36.4,95.3,41.9,147,Normal,24,General Supplies
2025-07-06,187,7,39.3,80.9,29.7,153,Normal,22,General Supplies
2025-07-07,188,7,38.9,74.1,59.5,88,Normal,29,General Supplies
2025-07-08,189,7,41.6,101.2,76.7,91,Dengue,97,Platelets & IV Fluids
2025-07-09,190,7,35.3,88.2,81.5,145,Dengue,77,Platelets & IV Fluids
2025-07-10,191,7,32.3,79.2,45.8,186,Normal,15,General Supplies
2025-07-11,192,7,35.7,90.5,20.1,87,Normal,19,General Supplies
2025-07-12,193,7,33.3,95.9,22.1,24,Normal,28,General Supplies
2025-07-13,194,7,42.8,79.1,8.8,58,Heat Stroke,54,Saline & Cooling Packs
2025-07-14,195,7,35.0,72.1,76.0,111,Normal,19,General Supplies
2025-07-15,196,7,37.8,84.6,15.4,114,Normal,23,General Supplies
2025-07-16,197,7,37.6,90.2,35.5,67,Normal,26,General Supplies
2025-07-17,198,7,37.8,82.1,104.3,99,Dengue,112,Platelets & IV Fluids
2025-07-18,199,7,34.2,78.1,28.9,103,Normal,21,General Supplies
2025-07-19,200,7,39.1,96.3,27.0,65,Normal,19,General Supplies
2025-07-20,201,7,37.9,91.0,14.3,64,Normal,28,General Supplies
2025-07-21,202,7,39.5,84.5,50.1,49,Dengue,99,Platelets & IV Fluids
2025-07-22,203,7,37.7,79.6,46.4,86,Normal,22,General Supplies
2025-07-23,204,7,37.3,95.6,86.5,92,Dengue,79,Platelets & IV Fluids
2025-07-24,205,7,40.1,76.3,62.1,125,Heat Stroke,41,Saline & Cooling Packs
2025-07-25,206,7,38.4,68.6,39.9,139,Normal,22,General Supplies
2025-07-26,207,7,36.3,82.5,21.3,80,Normal,20,General Supplies
2025-07-27,208,7,35.5,64.4,19.5,76,Normal,18,General Supplies
2025-07-28,209,7,33.4,87.8,66.0,118,Dengue,94,Platelets & IV Fluids
2025-07-29,210,7,38.3,87.6,47.0,-1,Normal,29,General Supplies
2025-07-30,211,7,36.1,80.7,19.7,156,Normal,22,General Supplies
2025-07-31,212,7,38.9,91.4,54.3,45,Dengue,95,Platelets & IV Fluids
2025-08-01,213,8,38.5,87.8,42.0,95,Normal,15,General Supplies
2025-08-02,214,8,32.3,84.6,94.7,142,Dengue,71,Platelets & IV Fluids
2025-08-03,215,8,36.1,105.2,3.9,80,Normal,22,General Supplies
2025-08-04,216,8,38.1,101.4,63.1,10,Dengue,66,Platelets & IV Fluids
2025-08-05,217,8,34.1,83.1,5.7,192,Normal,28,General Supplies
2025-08-06,218,8,39.5,88.2,40.6,117,Normal,17,General Supplies
2025-08-07,219,8,37.7,91.8,59.4,93,Dengue,72,Platelets & IV Fluids
2025-08-08,220,8,38.6,82.2,76.4,76,Dengue,109,Platelets & IV Fluids
2025-08-09,221,8,38.0,89.0,19.8,147,Normal,16,General Supplies
2025-08-10,222,8,35.4,100.3,11.7,159,Normal,26,General Supplies
2025-08-11,223,8,31.1,87.7,5.5,131,Normal,15,General Supplies
2025-08-12,224,8,38.7,81.3,125.9,90,Dengue,77,Platelets & IV Fluids
2025-08-13,225,8,33.2,78.3,28.4,93,Normal,23,General Supplies
2025-08-14,226,8,37.3,97.8,54.9,41,Dengue,75,Platelets & IV Fluids
2025-08-15,227,8,33.8,92.7,42.6,64,Normal,15,General Supplies
2025-08-16,228,8,37.1,90.1,30.1,146,Normal,25,General Supplies
2025-08-17,229,8,35.2,88.2,43.0,166,Normal,26,General Supplies
2025-08-18,230,8,36.7,73.3,23.9,76,Normal,24,General Supplies
2025-08-19,231,8,34.4,80.8,12.6,145,Normal,19,General Supplies
2025-08-20,232,8,32.6,90.4,28.3,103,Normal,23,General Supplies
2025-08-21,233,8,33.3,69.5,39.0,112,Normal,28,General Supplies
2025-08-22,234,8,37.2,86.8,36.6,140,Normal,22,General Supplies
2025-08-23,235,8,41.2,88.3,29.2,132,Heat Stroke,52,Saline & Cooling Packs
2025-08-24,236,8,34.9,91.7,43.6,133,Normal,15,General Supplies
2025-08-25,237,8,36.0,84.4,115.1,130,Dengue,93,Platelets & IV Fluids
2025-08-26,238,8,35.7,106.0,76.0,133,Dengue,100,Platelets & IV Fluids
2025-08-27,239,8,37.1,76.4,20.1,125,Normal,18,General Supplies
2025-08-28,240,8,32.3,56.8,64.1,139,Normal,29,General Supplies
2025-08-29,241,8,36.9,81.2,9.2,19,Normal,16,General Supplies
2025-08-30,242,8,38.2,89.4,20.0,64,Normal,22,General Supplies
2025-08-31,243,8,35.6,69.2,6.5,24,Normal,26,General Supplies
2025-09-01,244,9,32.8,84.6,88.8,76,Dengue,66,Platelets & IV Fluids
2025-09-02,245,9,29.7,86.7,39.6,104,Normal,28,General Supplies
2025-09-03,246,9,32.3,85.2,9.8,47,Normal,29,General Supplies
2025-09-04,247,9,34.1,75.6,81.0,134,Normal,16,General Supplies
2025-09-05,248,9,38.7,92.6,7.8,70,Normal,25,General Supplies
2025-09-06,249,9,32.2,78.0,19.9,160,Normal,18,General Supplies
2025-09-07,250,9,33.1,102.2,21.3,84,Normal,27,General Supplies
2025-09-08,251,9,26.5,87.8,45.1,101,Normal,19,General Supplies
2025-09-09,252,9,27.2,91.4,33.1,89,Normal,19,General Supplies
2025-09-10,253,9,31.9,92.7,60.8,61,Dengue,76,Platelets & IV Fluids
2025-09-11,254,9,26.9,88.5,21.5,49,Normal,28,General Supplies
2025-09-12,255,9,31.4,101.2,83.5,174,Dengue,68,Platelets & IV Fluids
2025-09-13,256,9,33.9,89.5,65.8,63,Dengue,72,Platelets & IV Fluids
2025-09-14,257,9,32.8,75.5,1.1,88,Normal,21,General Supplies
2025-09-15,258,9,30.8,83.9,95.9,138,Dengue,107,Platelets & IV Fluids
2025-09-16,259,9,29.9,104.0,3.4,49,Normal,20,General Supplies
2025-09-17,260,9,37.0,92.5,13.0,85,Normal,29,General Supplies
2025-09-18,261,9,31.2,67.1,14.4,36,Normal,16,General Supplies
2025-09-19,262,9,25.1,113.6,15.6,151,Normal,18,General Supplies
2025-09-20,263,9,24.1,89.3,21.8,98,Normal,20,General Supplies
2025-09-21,264,9,28.9,61.1,12.2,78,Normal,27,General Supplies
2025-09-22,265,9,27.2,77.8,28.5,149,Normal,21,General Supplies
2025-09-23,266,9,26.3,84.2,29.6,99,Normal,15,General Supplies
2025-09-24,267,9,30.3,88.3,24.3,137,Normal,21,General Supplies
2025-09-25,268,9,25.3,81.0,10.2,51,Normal,20,General Supplies
2025-09-26,269,9,28.3,85.4,0.2,84,Normal,18,General Supplies
2025-09-27,270,9,28.6,93.2,14.4,115,Normal,20,General Supplies
2025-09-28,271,9,29.2,79.4,2.5,119,Normal,23,General Supplies
2025-09-29,272,9,26.5,85.9,16.3,117,Normal,21,General Supplies
2025-09-30,273,9,31.0,82.5,127.3,45,Dengue,111,Platelets & IV Fluids
2025-10-01,274,10,31.2,54.4,0.0,169,Normal,20,General Supplies
2025-10-02,275,10,29.9,26.7,0.1,62,Normal,24,General Supplies
2025-10-03,276,10,30.6,17.4,1.1,89,Normal,22,General Supplies
2025-10-04,277,10,20.0,48.3,0.0,97,Normal,18,General Supplies
2025-10-05,278,10,27.5,26.7,0.2,109,Normal,18,General Supplies
2025-10-06,279,10,23.4,48.2,2.9,119,Normal,17,General Supplies
2025-10-07,280,10,23.6,38.2,0.0,52,Normal,24,General Supplies
2025-10-08,281,10,27.9,52.2,0.0,161,Normal,18,General Supplies
2025-10-09,282,10,27.1,26.0,0.0,119,Normal,18,General Supplies
2025-10-10,283,10,26.9,32.5,2.9,115,Normal,28,General Supplies
2025-10-11,284,10,28.3,62.6,0.0,55,Normal,25,General Supplies
2025-10-12,285,10,26.8,62.3,3.6,104,Normal,18,General Supplies
2025-10-13,286,10,24.8,28.7,0.0,178,Normal,19,General Supplies
2025-10-14,287,10,32.9,44.0,0.0,61,Normal,27,General Supplies
2025-10-15,288,10,29.0,45.6,0.0,129,Normal,16,General Supplies
2025-10-16,289,10,22.7,66.3,0.0,124,Normal,24,General Supplies
2025-10-17,290,10,26.4,47.5,0.0,182,Normal,29,General Supplies
2025-10-18,291,10,24.7,56.4,1.0,157,Normal,28,General Supplies
2025-10-19,292,10,22.1,47.1,0.0,101,Normal,19,General Supplies
2025-10-20,293,10,22.4,24.0,1.0,120,Normal,17,General Supplies
2025-10-21,294,10,23.5,40.5,0.0,96,Normal,23,General Supplies
2025-10-22,295,10,19.1,12.0,0.0,104,Normal,21,General Supplies
2025-10-23,296,10,23.5,23.9,0.0,100,Normal,29,General Supplies
2025-10-24,297,10,20.6,55.0,0.0,99,Normal,24,General Supplies
2025-10-25,298,10,25.4,52.3,0.0,163,Normal,25,General Supplies
2025-10-26,299,10,25.5,41.6,0.3,171,Normal,26,General Supplies
2025-10-27,300,10,21.3,42.9,0.0,93,Normal,15,General Supplies
2025-10-28,301,10,21.2,43.3,0.0,79,Normal,15,General Supplies
2025-10-29,302,10,19.7,25.1,0.0,87,Normal,21,General Supplies
2025-10-30,303,10,21.4,50.1,0.0,110,Normal,19,General Supplies
2025-10-31,304,10,17.8,63.6,0.0,107,Normal,22,General Supplies
2025-11-01,305,11,19.8,31.1,0.0,320,Asthma/Respiratory,53,Nebulizers & Oxygen
2025-11-02,306,11,21.2,33.0,0.0,257,Asthma/Respiratory,49,Nebulizers & Oxygen
2025-11-03,307,11,27.8,41.2,0.0,142,Normal,21,General Supplies
2025-11-04,308,11,21.0,38.1,0.0,297,Asthma/Respiratory,61,Nebulizers & Oxygen
2025-11-05,309,11,22.6,28.2,0.2,284,Asthma/Respiratory,61,Nebulizers & Oxygen
2025-11-06,310,11,28.2,22.7,0.1,260,Asthma/Respiratory,51,Nebulizers & Oxygen
2025-11-07,311,11,23.7,43.6,0.0,228,Normal,16,General Supplies
2025-11-08,312,11,21.2,44.3,0.0,343,Asthma/Respiratory,44,Nebulizers & Oxygen
2025-11-09,313,11,17.2,62.1,0.0,199,Normal,28,General Supplies
2025-11-10,314,11,15.8,44.0,0.0,405,Asthma/Respiratory,55,Nebulizers & Oxygen
2025-11-11,315,11,18.2,32.6,0.0,228,Normal,22,General Supplies
2025-11-12,316,11,19.5,22.6,0.0,186,Normal,26,General Supplies
2025-11-13,317,11,21.4,62.1,0.0,267,Asthma/Respiratory,48,Nebulizers & Oxygen
2025-11-14,318,11,22.5,54.2,0.7,246,Normal,22,General Supplies
2025-11-15,319,11,16.5,47.8,0.0,299,Asthma/Respiratory,62,Nebulizers & Oxygen
2025-11-16,320,11,18.4,41.7,0.0,348,Asthma/Respiratory,75,Nebulizers & Oxygen
2025-11-17,321,11,16.2,32.2,0.0,320,Asthma/Respiratory,45,Nebulizers & Oxygen
2025-11-18,322,11,21.1,49.1,0.0,332,Asthma/Respiratory,65,Nebulizers & Oxygen
2025-11-19,323,11,19.1,37.7,0.0,229,Normal,20,General Supplies
2025-11-20,324,11,16.2,53.1,0.0,327,Asthma/Respiratory,57,Nebulizers & Oxygen
2025-11-21,325,11,20.8,42.0,0.0,236,Normal,17,General Supplies
2025-11-22,326,11,22.3,12.9,0.0,269,Asthma/Respiratory,56,Nebulizers & Oxygen
2025-11-23,327,11,17.1,20.6,0.0,174,Normal,29,General Supplies
2025-11-24,328,11,15.8,28.2,1.7,153,Normal,22,General Supplies
2025-11-25,329,11,14.6,20.0,0.0,170,Normal,15,General Supplies
2025-11-26,330,11,15.5,63.9,0.0,240,Normal,18,General Supplies
2025-11-27,331,11,20.2,9.5,0.0,277,Asthma/Respiratory,43,Nebulizers & Oxygen
2025-11-28,332,11,13.0,44.8,0.0,190,Normal,29,General Supplies
2025-11-29,333,11,16.2,32.8,0.0,317,Asthma/Respiratory,71,Nebulizers & Oxygen
2025-11-30,334,11,17.4,8.5,0.0,153,Normal,25,General Supplies
2025-12-01,335,12,16.3,41.1,0.0,234,Normal,21,General Supplies
2025-12-02,336,12,14.9,35.1,0.0,296,Influenza (Flu),68,Antivirals & Paracetamol
2025-12-03,337,12,14.1,45.6,0.0,166,Influenza (Flu),47,Antivirals & Paracetamol
2025-12-04,338,12,20.0,46.9,0.0,261,Asthma/Respiratory,70,Nebulizers & Oxygen
2025-12-05,339,12,15.4,34.1,0.0,169,Normal,22,General Supplies
2025-12-06,340,12,13.3,38.0,0.0,249,Influenza (Flu),86,Antivirals & Paracetamol
2025-12-07,341,12,20.9,35.4,0.0,241,Normal,23,General Supplies
2025-12-08,342,12,13.3,76.4,1.1,237,Influenza (Flu),94,Antivirals & Paracetamol
2025-12-09,343,12,15.2,44.4,0.0,252,Asthma/Respiratory,71,Nebulizers & Oxygen
2025-12-10,344,12,21.2,57.0,1.8,325,Asthma/Respiratory,46,Nebulizers & Oxygen
2025-12-11,345,12,17.8,40.2,0.0,309,Asthma/Respiratory,56,Nebulizers & Oxygen
2025-12-12,346,12,14.0,47.3,0.0,342,Influenza (Flu),77,Antivirals & Paracetamol
2025-12-13,347,12,14.4,35.3,0.0,421,Influenza (Flu),81,Antivirals & Paracetamol
2025-12-14,348,12,12.7,46.4,0.0,203,Influenza (Flu),67,Antivirals & Paracetamol
2025-12-15,349,12,18.3,42.0,0.0,268,Asthma/Respiratory,40,Nebulizers & Oxygen
2025-12-16,350,12,17.9,27.2,0.0,225,Normal,23,General Supplies
2025-12-17,351,12,10.8,30.6,0.0,292,Influenza (Flu),57,Antivirals & Paracetamol
2025-12-18,352,12,14.1,16.1,0.0,282,Influenza (Flu),98,Antivirals & Paracetamol
2025-12-19,353,12,13.1,27.7,0.0,269,Influenza (Flu),73,Antivirals & Paracetamol
2025-12-20,354,12,12.3,51.3,0.0,232,Influenza (Flu),75,Antivirals & Paracetamol
2025-12-21,355,12,14.9,16.7,0.0,239,Influenza (Flu),94,Antivirals & Paracetamol
2025-12-22,356,12,16.7,30.7,0.0,173,Normal,20,General Supplies
2025-12-23,357,12,15.8,10.2,0.0,248,Normal,17,General Supplies
2025-12-24,358,12,9.6,38.2,0.0,301,Influenza (Flu),94,Antivirals & Paracetamol
2025-12-25,359,12,10.4,39.2,0.0,309,Influenza (Flu),77,Antivirals & Paracetamol
2025-12-26,360,12,12.3,45.8,0.0,224,Influenza (Flu),75,Antivirals & Paracetamol
2025-12-27,361,12,14.8,50.4,0.0,287,Influenza (Flu),52,Antivirals & Paracetamol
2025-12-28,362,12,8.7,23.8,0.0,201,Influenza (Flu),46,Antivirals & Paracetamol
2025-12-29,363,12,10.4,33.6,0.0,330,Influenza (Flu),105,Antivirals & Paracetamol
2025-12-30,364,12,12.7,39.6,0.0,160,Influenza (Flu),83,Antivirals & Paracetamol
